silver_id,company,package_name,question_type,difficulty,gri_code,question,ground_truth_answer,ground_truth_record_id,context_excerpt,qc_reason,sme_decision,sme_revised_question,sme_revised_answer,sme_notes,forbidden_rule
SV2-D-0001,한샘,한샘_dataset_package_20260608T042739,simple,easy,,㈜한샘의 지속가능경영 보고서는 몇 번째 발간되는 것인가요?,다섯 번째 발간하는 지속가능경영 보고서입니다.,rec_ea632bae09735059,"Sustainability Report 2024

About this Report 보고서 개요 해당 보고서는 ㈜한샘이 다섯 번째 발간하는 지속가능경영 보고서입니다. ㈜한샘은 회사의 지속가능경영 추진방향과 성과를 이해관계자들에게 투명하게 공개하고,
이를 기반으로 이해관계자와 활발히 소통하기 위하여 2024년 다섯 번째 지속가능경영보고서를 발간하고자 합니다. 본 보고서는 국문 및 영문으로 발간됩니다. 앞으로도 지속가능경영보고서 를 통해
이해관계자 여러분의 의견을 적극적으로 수렴하여 지속가능경영활동에 반영할 수 있도록 노력하겠습니다. 보고기간 본 보고서는 2023년 1월 1일부터 2023년 12월 31일까지의 ㈜한샘의 지속가능경영
관련 활동과 성과를 포함하고 있습니다. 정량적 성과에 대해서는 비교가능성 제고를 위",ok,approve,,,ai_judge:approve conf=1.00; The answer is fully supported by the context provided.,Không thêm thông tin ngoài context; không suy đoán nếu thiếu số liệu
SV2-D-0002,한샘,한샘_dataset_package_20260608T042739,simple,easy,,한샘의 지속가능경영 보고서는 몇 번째 발간인가요?,여섯 번째 지속가능경영 보고서입니다.,rec_fcab1197e3c245b6,"HANSSEM SUSTAINABILITY REPORT 2025

HANSSEM SUSTAINABILITY REPORT 2025 002 고양열 권미순 김기영 김동영 김세진 김소현 김소희 김신흥 김연의 김용태 김차연 Introduction Business
Fundamental Sustainability Performance Appendix Business Review About this Report 보고서 개요 본 보고서는 한샘이 발간하는 여섯 번째
지속가능경영 보고서로, 회사의 지속가능경영 추진 방향과 성과를 이해 관계자에게 투명하게 공개하고, 이를 바탕으로 활발한 소통을 이어가기 위해 작성되었습니다. 보고서는 국문 및 영문으로 발간되며,
앞으로도 이해관계자의 의견을 적극 수렴하고 이를 지속가능경영 활동에 반",ok,approve,,,ai_judge:approve conf=1.00; The answer is fully supported by the context provided.,Không thêm thông tin ngoài context; không suy đoán nếu thiếu số liệu
SV2-D-0005-E5,한샘,한샘_dataset_package_20260608T042739,reasoning,medium,,"한샘이 발간한 지속가능경영보고서는 몇 번째인지, 그 이유는 무엇인가요?",세 번째 보고서입니다.,rec_adf521a49feec751,"2022 HANSSEM SUSTAINABILITY REPORT 2022 한샘 지속가능경영보고서 2022 HANSSEM SUSTAINABILITY REPORT 2022 한샘 지속가능경영보고서

About this report ESG경영 내재화로 한샘만의 지속가능경영 체계를 구축합니다. 한샘이 지향하는 지속가능경영체계를 확립하고 사회적 책임의 성과를 이해관계자와 공유하기 위해 세 번째
보고서를 발간하게 되었습니다. 본 보고서는 한샘이 사업을 통해 창출하는 경제·환경·사회적 가치에 대해 보고하고 있습니다. 보고기준 GRI Standard (Core Option) 보고범위 본사 및
국내 사업장, 해외사업장(일부성과) * 데이터 범위: 연결 기준 * 일부 지표의 경우 국내 사업장으로 국한 보고경계 한샘 보고기간 20",ok,approve,,,ai_judge:approve conf=1.00; The answer is fully supported by the context provided.,Không thêm thông tin ngoài context; không suy đoán nếu thiếu số liệu
SV2-D-0006,한샘,한샘_dataset_package_20260608T042739,simple,easy,,한샘의 지속 가능성 보고서는 언제 발행되었나요?,2022년 8월에 발행되었습니다.,rec_24ea67414eabd179,"2022 HANSSEM SUSTAINABILITY REPORT 2022 HANSSEM SUSTAINABILITY REPORT

About this report By internalizing ESG management Hanssem builds its own sustainable management system. The
third report has been published to establish a sustainable management system that Hanssem is pursuing and to
share the achievements of social responsibility with stakeholders. This report reports on the economic,
environm",ok,reject,,,"ai_judge:reject conf=0.00; The answer does not specify the exact publication date, only the month and year, which is too vague.",The answer must provide a specific date or clear context from the report.
SV2-D-0008,한샘,한샘_dataset_package_20260608T042739,simple,easy,,한샘의 시장 가치는 얼마인가요?,748378910400,rec_aed5e8dc6d6699d8,"KRX company metadata
name: 한샘
market: KOSPI
market_cap: 748378910400
sector: None
industry_raw: 생활용품 도매업
industry_group: 소비재
size_tier: 중형
ticker: 009240",ok,approve,,,ai_judge:approve conf=1.00; The answer is fully supported by the context provided.,Không thêm thông tin ngoài context; không suy đoán nếu thiếu số liệu
SV2-D-0010,한샘,한샘_dataset_package_20260608T042739,simple,easy,,한샘은 언제부터 지속가능경영보고서를 발간하고 있나요?,2020년부터 3년 연속으로 지속가능경영보고서를 발간하고 있습니다.,rec_89c6e8dd36c4db22,"이정윤 기자 발행일 2022-08-10 23:49:54 댓글 0
발행일 2022-08-10 23:49:54
댓글 0
‘2022년 지속가능경영보고서’ 발간 종합 홈 인테리어 전문기업 ㈜한샘이 지난 ESG 경영의 현황 및 성과를 담은 ‘2022 한샘 지속가능경영보고서’를 발간했다. 한샘은 지난 2020년부터 3년 연속으로 지속가능경영보고서를 발간하면서 ESG 경영 활동을 이어가고 있다. 이번 보고서에는 지난해 한샘의 ESG 경영 성과와 올해 전략 과제 추진 사항 등의 내용이 담겼다. 한샘은 지난 2021년 이사회 중심 경영 체제를 구축하고, 이사회 산하 ESG 위원회를 설치하는 등 ESG 경영 체계를 강화한 바 있다. 올해는 ▲온실가스 배출 관리 강화 ▲친환경 제품 개발 ▲지속적 지역사회 공헌활동 ▲일과 삶의 ",ok,approve,,,ai_judge:approve conf=1.00; The answer is fully supported by the context provided.,Không thêm thông tin ngoài context; không suy đoán nếu thiếu số liệu
SV2-D-0011,한샘,한샘_dataset_package_20260608T042739,simple,easy,,한샘은 언제부터 지속가능경영보고서를 발간하고 있나요?,2020년부터 3년 연속으로 지속가능경영보고서를 발간하고 있습니다.,rec_2ac36b6aa8233480,"‘2022년 지속가능경영보고서’ 발간 종합 홈 인테리어 전문기업 ㈜한샘이 지난 ESG 경영의 현황 및 성과를 담은 ‘2022 한샘 지속가능경영보고서’를 발간했다. 한샘은 지난 2020년부터 3년
연속으로 지속가능경영보고서를 발간하면서 ESG 경영 활동을 이어가고 있다. 이번 보고서에는 지난해 한샘의 ESG 경영 성과와 올해 전략 과제 추진 사항 등의 내용이 담겼다. 한샘은 지난 2021년
이사회 중심 경영 체제를 구축하고, 이사회 산하 ESG 위원회를 설치하는 등 ESG 경영 체계를 강화한 바 있다. 올해는 ▲온실가스 배출 관리 강화 ▲친환경 제품 개발 ▲지속적 지역사회 공헌활동
▲일과 삶의 균형 구축 ▲협력사 동반성장 등의 활동을 이어가고 있다. 한샘은 지난해 한국기업지배구조원(KGCS)의 ESG경영 평가",ok,approve,,,ai_judge:approve conf=1.00; The answer is fully supported by the context provided.,Không thêm thông tin ngoài context; không suy đoán nếu thiếu số liệu
SV2-D-0012-E12,한샘,한샘_dataset_package_20260608T042739,multi_context,medium,,한샘은 지속가능경영보고서를 발간하기 시작한 해와 그 이후의 ESG 경영 활동에 대해 설명해 주실 수 있습니까?,"한샘은 2020년부터 3년 연속으로 지속가능경영보고서를 발간하고 있으며, ESG 경영 활동을 이어가고 있습니다. 최근 보고서에는 ESG 경영 성과와 전략 과제 추진 사항이 포함되어 있습니다.",rec_66100907c00656ec,"‘2022년 지속가능경영보고서’ 발간
종합 홈 인테리어 전문기업 ㈜한샘이 지난 ESG 경영의 현황 및 성과를 담은 ‘2022 한샘 지속가능경영보고서’를 발간했다. 한샘은 지난 2020년부터 3년 연속으로 지속가능경영보고서를 발간하면서 ESG 경영 활동을 이어가고 있다. 이번 보고서에는 지난해 한샘의 ESG 경영 성과와 올해 전략 과제 추진 사항 등의 내용이 담겼다. 한샘은 지난 2021년 이사회 중심 경영 체제를 구축하고, 이사회 산하 ESG 위원회를 설치하는 등 ESG 경영 체계를 강화한 바 있다. 올해는 ▲온실가스 배출 관리 강화 ▲친환경 제품 개발 ▲지속적 지역사회 공헌활동 ▲일과 삶의 균형 구축 ▲협력사 동반성장 등의 활동을 이어가고 있다. 한샘은 지난해 한국기업지배구조원(KGCS)의 ESG경영 평가",ok,approve,,,ai_judge:approve conf=1.00; The answer is fully supported by the context provided.,Không thêm thông tin ngoài context; không suy đoán nếu thiếu số liệu
SV2-D-0013,한샘,한샘_dataset_package_20260608T042739,simple,easy,,한샘이 발간한 지속가능경영보고서는 어떤 내용을 담고 있나요?,"ESG 경영 현황과 성과, 청사진을 담고 있습니다.",rec_86c98b945fc03e6d,"이전 기사보기 다음 기사보기 한샘, ESG 경영 성과‧청사진 담은 ‘지속가능경영보고서’ 발간 가 가 기사의 본문 내용은 이 글자크기로 변경됩니다. 스크롤 이동 상태바 가 가 기사의 본문 내용은 이
글자크기로 변경됩니다. 이 기사를 공유합니다 한샘이 발간한 2025 지속가능경영보고서 표지(사진=한샘) [백세경제=김인하 기자] 한샘이 글로벌 기준에 맞춰 ESG 경영 성과를 정리한 보고서를
내놨다. 한샘은 ESG(환경·사회·지배구조) 경영 현황과 성과, 청사진을 담은 ‘2025 지속가능경영보고서’를 발간했다고 1일 밝혔다. 한샘은 업계 리딩 기업으로서의 사회적 책임을 다하고자 작년에는
국제회계기준(IFRS) 산하 국제지속가능성기준위원회(ISSB)에서 제정한 지속가능성 보고 프레임워크를 반영한 데 이어, 올해는 유",ok,approve,,,ai_judge:approve conf=1.00; The answer is fully supported by the context provided.,Không thêm thông tin ngoài context; không suy đoán nếu thiếu số liệu
SV2-D-0014-E14,한샘,한샘_dataset_package_20260608T042739,multi_context,medium,,한샘이 발간한 '2025 지속가능경영보고서'는 어떤 ESG 경영 성과와 청사진을 포함하고 있나요?,"ESG 경영 현황과 성과, 청사진을 담은 ‘2025 지속가능경영보고서’입니다.",rec_ce1fb6e4651850d3,"이전 기사보기 다음 기사보기 한샘, ESG 경영 성과‧청사진 담은 ‘지속가능경영보고서’ 발간 가 가 기사의 본문 내용은 이 글자크기로 변경됩니다. 스크롤 이동 상태바
이전 기사보기
다음 기사보기
한샘, ESG 경영 성과‧청사진 담은 ‘지속가능경영보고서’ 발간 가 가 기사의 본문 내용은 이 글자크기로 변경됩니다.
한샘, ESG 경영 성과‧청사진 담은 ‘지속가능경영보고서’ 발간
한샘, ESG 경영 성과‧청사진 담은 ‘지속가능경영보고서’ 발간
가 가 기사의 본문 내용은 이 글자크기로 변경됩니다.
가 가 기사의 본문 내용은 이 글자크기로 변경됩니다.
가 가 기사의 본문 내용은 이 글자크기로 변경됩니다.
가 가 기사의 본문 내용은 이 글자크기로 변경됩니다.
가 가
가
가
기사의 본문 내용은 이 글자크기로 변경됩니다.",ok,approve,,,ai_judge:approve conf=1.00; The answer is fully supported by the context provided.,Không thêm thông tin ngoài context; không suy đoán nếu thiếu số liệu
SV2-D-0015-E15,한샘,한샘_dataset_package_20260608T042739,reasoning,medium,,한샘이 ESG 지속가능경영보고서를 발간한 날짜는 언제인가요? 이 정보를 통해 한샘의 ESG 경영 활동의 지속성을 어떻게 알 수 있나요?,2022년 8일에 발간했습니다.,rec_ba9d092227fde816,"뉴스 듣기 글자 크기 가 보통 가 크게 가 아주 크게 기사 공유 페이스북 엑스 카카오톡 이메일 주소복사 북마크 다크모드 프린트 네이버 채널구독 다음 채널구독 종합 홈 인테리어 전문기업
한샘(009240) 이 지난 8일 ESG(환경·사회·지배구조) 경영의 현황 및 성과를 담은 ‘2022 한샘 지속가능경영보고서’를 발간했다고 9일 밝혔다. 한샘은 지난 2020년부터 3년 연속으로
지속가능경영보고서를 발간하면서 ESG 경영 활동을 이어가고 있다. 이번 보고서는 한샘 기업 홈페이지에서 열람할 수 있다. 이번 보고서에는 지난해 한샘의 ESG 경영 성과와 올해 전략 과제 추진 사항
등의 내용이 담겼다. 한샘은 지난 2021년 이사회 중심 경영 체제를 구축하고, 이사회 산하 ESG 위원회를 설치하는 등 ESG 경영 체계",ok,approve,한샘이 ESG 지속가능경영보고서를 발간한 날짜는 언제인가요? 이 정보를 통해 한샘의 ESG 경영 활동의 지속성을 어떻게 알 수 있나요?,"2022년 8일에 발간하였으며, 한샘은 2020년부터 3년 연속으로 지속가능경영보고서를 발간하고 있습니다.",ai_judge:revise→approve conf=0.90; The answer contains a minor error in the date format and lacks clarity on the sustainability aspect.,The answer should not imply ongoing activities without clear context.
SV2-D-0017,한샘,한샘_dataset_package_20260608T042739,simple,easy,,한샘은 언제 ESG 경영 보고서를 발간했나요?,2022년 8일에 발간했습니다.,rec_acac077bde904698,"종합 홈 인테리어 전문기업 한샘(009240) 이 지난 8일 ESG(환경·사회·지배구조) 경영의 현황 및 성과를 담은 ‘2022 한샘 지속가능경영보고서’를 발간했다고 9일 밝혔다. 한샘은 지난 2020년부터 3년 연속으로 지속가능경영보고서를 발간하면서 ESG 경영 활동을 이어가고 있다. 이번 보고서는 한샘 기업 홈페이지에서 열람할 수 있다.
한샘(009240)
이번 보고서에는 지난해 한샘의 ESG 경영 성과와 올해 전략 과제 추진 사항 등의 내용이 담겼다. 한샘은 지난 2021년 이사회 중심 경영 체제를 구축하고, 이사회 산하 ESG 위원회를 설치하는 등 ESG 경영 체계를 강화한 바 있다. 올해는 △온실가스 배출 관리 강화 △친환경 제품 개발 △지속적 지역사회 공헌활동 △일과 삶의 균형 구축 △협력사 동반",ok,approve,한샘은 언제 ESG 경영 보고서를 발간했나요?,2022년 8일에 발간했습니다.,ai_judge:revise→approve conf=0.90; The answer contains a minor error in the date format; it should specify '8일' as '8일에' for clarity.,The answer should not add or misrepresent facts not present in the context.
SV2-D-0018-E18,한샘,한샘_dataset_package_20260608T042739,multi_context,medium,,한샘이 ESG 경영 보고서를 발간한 날짜와 그 내용은 무엇인가요?,"2022년 8일에 발간했으며, ESG(환경·사회·지배구조) 경영의 현황 및 성과를 담고 있습니다.",rec_1739ded4980a9b9b,"[{""CODE_TYPE"":""T"",""CODE_ID"":""009240"",""PRE_GAP"":-1850,""MIDDLE_CODE_ID"":"""",""ISSUE_URL"":null,""MIDDLE_CODE_NM"":"""",""MAPPING_CODE_ID"":"""",""ORD_NO"":1,""MAPPING_CODE_NAME"":"""",""CATEGORY"":null,""LARGE_CODE_ID"":"""",""MAPPING_URL"":"""",""LARGE_CODE_NM"":"""",""CODE_NM"":""한샘""}] 한샘, 2022년 지속가능경영보고서 발간 종합 홈 인테리어 전문기업 한샘(009240)이 지난 8일 ESG(환경·사회·지배구조) 경영의 현황 및 성과를 담은 ‘2022 한샘 지속가능경영보고서’를 발간했다고 9일 밝혔다. 한샘은 지난 2020년부터 3년 연속으로 지",ok,approve,,,ai_judge:approve conf=1.00; The answer is fully supported by the context provided.,Không thêm thông tin ngoài context; không suy đoán nếu thiếu số liệu
SV2-D-0019,한샘,한샘_dataset_package_20260608T042739,simple,easy,,한샘의 2022년 지속가능경영보고서는 언제 발간되었나요?,2022년 8일에 발간되었습니다.,rec_0f7c7247e048a21e,"[{""CODE_TYPE"":""T"",""CODE_ID"":""009240"",""PRE_GAP"":-1850,""MIDDLE_CODE_ID"":"""",""ISSUE_URL"":null,""MIDDLE_CODE_NM"":"""",""MAPPING_CODE_ID"":"""",""ORD_NO"":1,""MAPPING_CODE_NAME"":"""",""CATEGORY"":null,""LARGE_CODE_ID"":"""",""MAPPING_URL"":"""",""LARGE_CODE_NM"":"""",""CODE_NM"":""한샘""}]
한샘, 2022년 지속가능경영보고서 발간
종합 홈 인테리어 전문기업 한샘(009240)이 지난 8일 ESG(환경·사회·지배구조) 경영의 현황 및 성과를 담은 ‘2022 한샘 지속가능경영보고서’를 발간했다고 9일 밝혔다. 한샘은 지난 2020년부터 3년 연속으로 지",ok,approve,한샘의 2022년 지속가능경영보고서는 언제 발간되었나요?,2022년 8일에 발간되었습니다.,"ai_judge:revise→approve conf=0.90; The answer should specify the full date, including the month, to match the context accurately.",The answer should not add or misrepresent details about the publication date.
SV2-D-0020,한샘,한샘_dataset_package_20260608T042739,simple,easy,,한샘은 언제부터 지속가능경영보고서를 발간하고 있나요?,한샘은 지난 2020년부터 4년 연속으로 지속가능경영보고서를 발간하고 있습니다.,rec_abdc38fe1d1a8be1,"이전 기사보기 다음 기사보기 한샘, 2023년 지속가능경영보고서 발간 가 가 기사의 본문 내용은 이 글자크기로 변경됩니다. 스크롤 이동 상태바 [2023년 지속가능경영보고서 발간/사진=(주)한샘]
종합 홈 인테리어 전문기업 ㈜한샘이 ESG(환경·사회·지배구조) 경영의 현황과 성과, 향후 로드맵을 담은 ‘2023년 한샘 지속가능경영보고서’를 발간했다고 31일 밝혔다. 한샘은 지난 2020년부터
4년 연속으로 지속가능경영보고서를 발간하며 ESG 경영을 강화해 나가고 있다. 이번 지속가능경영보고서에서 ""기후변화 대응 강화""에 대한 의지를 밝혔다. 먼저 오는 2025년까지 환경경영 시스템을
완성하고, 2050년까지 ‘탄소중립(Net Zero·넷제로)’을 달성하는 목표를 공개했다. 앞서 한샘은 지난해 협력사 등 간접",ok,approve,,,ai_judge:approve conf=1.00; The answer is fully supported by the context provided.,Không thêm thông tin ngoài context; không suy đoán nếu thiếu số liệu
SV2-D-0021,한샘,한샘_dataset_package_20260608T042739,simple,easy,,한샘은 어떤 보고서를 발간했나요?,‘2025 지속가능경영보고서’를 발간했습니다.,rec_6d11be8f9ba7006c,"본문크기 본문 글씨 줄이기 본문 글씨 키우기 북마크 공유하기 프린트 이 기사를 공유합니다 닫기 SNS 기사보내기 종합 홈 인테리어 전문기업 ㈜한샘(대표 김유진)은 ESG(환경·사회·지배구조) 경영
현황과 성과, 청사진을 담은 ‘2025 지속가능경영보고서’를 발간했다고 1일 밝혔다. 한샘은 사회적 책임을 다하고자 작년에는 국제회계기준(IFRS) 산하 국제지속가능성기준위원회(ISSB)에서 제정한
지속가능성 보고 프레임워크를 반영한 데 이어, 올해는 유럽연합(EU)에서 요구하는 유럽 지속가능성 공시 기준(ESRS)를 선제적으로 도입했다. ESG 경영에 대한 평가 기준을 국제 표준에 맞춰
정비해 정보의 투명성과 신뢰성을 강화하기 위해서다. 이중 중대성 평가(Double Materiality Assessment)는 ",ok,approve,,,ai_judge:approve conf=1.00; The answer is fully supported by the context provided.,Không thêm thông tin ngoài context; không suy đoán nếu thiếu số liệu
SV2-D-0022,한샘,한샘_dataset_package_20260608T042739,simple,easy,,한샘이 발간한 보고서는 어떤 내용을 담고 있나요?,"ESG 경영 현황과 성과, 청사진을 담은 ‘2025 지속가능경영보고서’입니다.",rec_3adad134db5cb9c2,"종합 홈 인테리어 전문기업 ㈜한샘(대표 김유진)은 ESG(환경·사회·지배구조) 경영 현황과 성과, 청사진을 담은 ‘2025 지속가능경영보고서’를 발간했다고 1일 밝혔다.
한샘은 사회적 책임을 다하고자 작년에는 국제회계기준(IFRS) 산하 국제지속가능성기준위원회(ISSB)에서 제정한 지속가능성 보고 프레임워크를 반영한 데 이어, 올해는 유럽연합(EU)에서 요구하는 유럽 지속가능성 공시 기준(ESRS)를 선제적으로 도입했다. ESG 경영에 대한 평가 기준을 국제 표준에 맞춰 정비해 정보의 투명성과 신뢰성을 강화하기 위해서다.
이중 중대성 평가(Double Materiality Assessment)는 지속가능성 이슈가 기업의 재무에 미치는 영향(Financial Materiality)과 기업 활동이 환경·사회에 ",ok,approve,,,ai_judge:approve conf=1.00; The answer is fully supported by the context provided.,Không thêm thông tin ngoài context; không suy đoán nếu thiếu số liệu
SV2-D-0023,한샘,한샘_dataset_package_20260608T042739,simple,easy,,한샘은 언제 지속가능경영보고서를 발간했나요?,2023년 31일에 발간했습니다.,rec_cece4f8f062194a3,"이전 기사보기 다음 기사보기 한샘, 2023년 지속가능경영보고서 발간 가 가 기사의 본문 내용은 이 글자크기로 변경됩니다. 스크롤 이동 상태바
이전 기사보기
다음 기사보기
한샘, 2023년 지속가능경영보고서 발간 가 가 기사의 본문 내용은 이 글자크기로 변경됩니다.
한샘, 2023년 지속가능경영보고서 발간
한샘, 2023년 지속가능경영보고서 발간
가 가 기사의 본문 내용은 이 글자크기로 변경됩니다.
가 가 기사의 본문 내용은 이 글자크기로 변경됩니다.
가 가 기사의 본문 내용은 이 글자크기로 변경됩니다.
가 가 기사의 본문 내용은 이 글자크기로 변경됩니다.
가 가
가
가
기사의 본문 내용은 이 글자크기로 변경됩니다.
스크롤 이동 상태바
스크롤 이동 상태바
스크롤 이동 상태바
[2023년 지속가능경영보고서 발",ok,reject,,,ai_judge:reject conf=0.00; The answer contains a date error; it states '31일' which is incorrect as the context does not specify a day.,The answer adds a specific date not supported by the context.
SV2-D-0024,한샘,한샘_dataset_package_20260608T042739,simple,easy,,한샘은 언제 ESG 경영보고서를 발간했나요?,2022년 8월 9일에 발간했습니다.,rec_bdabd489ce9f1e7d,"오피니언 사설 칼럼·기고 기자의 눈 피플 정치 정치일반 청와대 국회·정당 북한 외교 국방 정부 사회 사회일반 사건·사고 법원·검찰 교육·행정 노동·복지·환경 보건·의약 경제 경제일반 정책 금융·증권
산업 IT·과학 부동산 유통 중기·벤처 아투시티 종합 메트로 경기·인천 세종·충청 영남 호남 강원 제주 국제 세계일반 아시아·호주 북미 중남미 유럽 중동·아프리카 문화·스포츠 전체 방송 가요 영화
문화 종교 스포츠 여행 최신 지면보기 구독신청 First Edition 후원하기 제보24시 알립니다 SNS 뉴스스탠드 네이버블로그 아투TV(유튜브) 페이스북 인스타그램 다국어뉴스 ENGLISH 中文
Tiếng Việt 패밀리사이트 마켓파워 아투TV 대학동문골프최강전 글로벌리더스클럽 한샘, ‘2022 지속가능경영보고서’ ",ok,approve,,,ai_judge:approve conf=1.00; The answer is fully supported by the context provided.,Không thêm thông tin ngoài context; không suy đoán nếu thiếu số liệu
SV2-D-0025,한샘,한샘_dataset_package_20260608T042739,simple,easy,,한샘은 언제부터 지속가능경영보고서를 발간하고 있나요?,2020년부터 4년 연속으로 지속가능경영보고서를 발간하고 있습니다.,rec_41a160ead0ae1be6,"[2023년 지속가능경영보고서 발간/사진=(주)한샘] 종합 홈 인테리어 전문기업 ㈜한샘이 ESG(환경·사회·지배구조) 경영의 현황과 성과, 향후 로드맵을 담은 ‘2023년 한샘 지속가능경영보고서’를 발간했다고 31일 밝혔다. 한샘은 지난 2020년부터 4년 연속으로 지속가능경영보고서를 발간하며 ESG 경영을 강화해 나가고 있다. 이번 지속가능경영보고서에서 ""기후변화 대응 강화""에 대한 의지를 밝혔다. 먼저 오는 2025년까지 환경경영 시스템을 완성하고, 2050년까지 ‘탄소중립(Net Zero·넷제로)’을 달성하는 목표를 공개했다. 앞서 한샘은 지난해 협력사 등 간접 온실가스 배출까지 관리하는 ‘스코프(Scope) 3’으로 확대하고, 세계적 비영리기관 ‘탄소정보 공개 프로젝트(CDP·Carbon Disclo",ok,approve,,,ai_judge:approve conf=1.00; The answer is fully supported by the context provided.,Không thêm thông tin ngoài context; không suy đoán nếu thiếu số liệu
SV2-D-0026-E26,한샘,한샘_dataset_package_20260608T042739,multi_context,medium,,"한샘은 올해 지속가능경영보고서에 어떤 보고서를 포함했으며, TCFD는 어떤 기구에 의해 설립되었나요?",한샘은 올해 지속가능경영보고서에 TCFD(Task Force on Climate-related Financial Disclosure·기후변화 관련 재무공개 협의체) 보고서를 수록했다. TCFD는 2015년 주요 20개국(G20) 요청으로 국제결제은행(BIS)과 금융안정위원회(FSB)가 설립한 협의체다.,rec_5edea297fe4ab1d8,"특히 한샘은 올해 지속가능경영보고서에 TCFD(Task Force on Climate-related Financial Disclosure·기후변화 관련 재무공개 협의체) 보고서도 수록했다. TCFD는 2015년 주요 20개국(G20) 요청으로 국제결제은행(BIS)과 금융안정위원회(FSB)가 설립한 협의체다.
한샘은 ESG 경영 체계화를 위한 ‘이중 중대성 평가’도 올해 도입했다. 한샘은 ▲지속가능경영전략 ▲탄소배출 감축 ▲기후변화 대응 ▲지역사회 참여 ▲동반성장 등 총 12개의 중대 이슈를 선정했다. 이를 기반으로 유관 부서와 대내외 이해관계자와의 적극적 협력을 통해 ESG 경영 역량을 강화해 나갈 계획이다.
사회 분야에서는 ▲인적자원 개발 ▲안전보건 강화 ▲동반성장에 집중한다. 한샘은 지난해 하반기 기업이",ok,approve,,,ai_judge:approve conf=1.00; The answer is fully supported by the context without any hallucination.,Không thêm thông tin ngoài context; không suy đoán nếu thiếu số liệu
SV2-D-0028-E28,한샘,한샘_dataset_package_20260608T042739,multi_context,medium,,한샘이 발간한 보고서의 이름과 그 보고서가 담고 있는 주요 내용은 무엇인가요?,"2025 지속가능경영보고서, ESG(환경·사회·지배구조) 경영 현황과 성과, 청사진을 담고 있다.",rec_2d0cf95b00a0fefc,"가 가 기사의 본문 내용은 이 글자크기로 변경됩니다. 이 기사를 공유합니다 한샘이 발간한 2025 지속가능경영보고서 표지(사진=한샘) [백세경제=김인하 기자] 한샘이 글로벌 기준에 맞춰 ESG 경영 성과를 정리한 보고서를 내놨다. 한샘은 ESG(환경·사회·지배구조) 경영 현황과 성과, 청사진을 담은 ‘2025 지속가능경영보고서’를 발간했다고 1일 밝혔다. 한샘은 업계 리딩 기업으로서의 사회적 책임을 다하고자 작년에는 국제회계기준(IFRS) 산하 국제지속가능성기준위원회(ISSB)에서 제정한 지속가능성 보고 프레임워크를 반영한 데 이어, 올해는 유럽연합(EU)에서 요구하는 유럽 지속가능성 공시 기준(ESRS)를 선제적으로 도입했다. 이중 중대성 평가(Double Materiality Assessment)는 지속",ok,approve,,,ai_judge:approve conf=1.00; The answer is fully supported by the context without any hallucination.,Không thêm thông tin ngoài context; không suy đoán nếu thiếu số liệu
SV2-D-0029-E29,한샘,한샘_dataset_package_20260608T042739,reasoning,medium,,한샘의 지속가능경영보고서가 여섯 번째로 발간되었다는 것은 어떤 의미를 가질까요?,여섯 번째 지속가능경영보고서입니다.,rec_2a3a203eee1b5029,"한샘이 발간하는 여섯 번째 지속가능경영보고서입니다.
국문 영문
2024년 한샘 지속가능경영보고서 국문 영문
국문 영문
2023년 한샘 지속가능경영보고서 국문 영문
국문 영문
2022년 한샘 지속가능경영보고서 국문 영문
국문 영문
2021년 한샘 지속가능경영보고서 국문 영문
국문 영문
2020년 한샘 지속가능경영보고서 국문
국문
한샘 경영지원본부 기업문화팀 ESG파트 E-MAIL : sustainability@hanssem.com TEL. 02-6470-3136 TEL. 02-6470-4375
한샘 경영지원본부 기업문화팀 ESG파트
E-MAIL : sustainability@hanssem.com
TEL. 02-6470-3136 TEL. 02-6470-4375
TEL. 02-6470-3136
TEL. 02-64",ok,approve,한샘의 지속가능경영보고서가 여섯 번째로 발간되었다는 것은 어떤 의미를 가질까요?,한샘이 발간하는 여섯 번째 지속가능경영보고서입니다.,ai_judge:revise→approve conf=0.80; The answer is correct but too vague. It should directly reflect the significance of the report being the sixth edition.,The answer should provide more context about the significance of being the sixth report.
SV2-D-0030-E30,한샘,한샘_dataset_package_20260608T042739,multi_context,medium,,한샘이 ESG 경영 보고서를 발간한 날짜와 그 보고서의 주요 내용은 무엇인가요?,"2022년 8일에 발간했으며, 보고서에는 지난해 한샘의 ESG 경영 성과와 올해 전략 과제 추진 사항 등이 담겨 있습니다.",rec_1a99d1e676b9d24f,"뉴스 듣기 글자 크기 가 보통 가 크게 가 아주 크게 기사 공유 페이스북 엑스 카카오톡 이메일 주소복사 북마크 다크모드 프린트 네이버 채널구독 다음 채널구독 종합 홈 인테리어 전문기업 한샘(009240) 이 지난 8일 ESG(환경·사회·지배구조) 경영의 현황 및 성과를 담은 ‘2022 한샘 지속가능경영보고서’를 발간했다고 9일 밝혔다. 한샘은 지난 2020년부터 3년 연속으로 지속가능경영보고서를 발간하면서 ESG 경영 활동을 이어가고 있다. 이번 보고서는 한샘 기업 홈페이지에서 열람할 수 있다. 이번 보고서에는 지난해 한샘의 ESG 경영 성과와 올해 전략 과제 추진 사항 등의 내용이 담겼다. 한샘은 지난 2021년 이사회 중심 경영 체제를 구축하고, 이사회 산하 ESG 위원회를 설치하는 등 ESG 경영 체계",ok,approve,,,ai_judge:approve conf=1.00; The answer is fully supported by the context provided.,Không thêm thông tin ngoài context; không suy đoán nếu thiếu số liệu
SV2-D-0031,한샘,한샘_dataset_package_20260608T042739,simple,easy,,한샘의 지속가능경영보고서는 몇 번째 발간인가요?,여섯 번째 지속가능경영보고서입니다.,rec_80928c7327855bfa,기업소개 경영이념 사업소개 연혁 및 수상 채용안내 IR 경영정보 재무정보 IR자료실 공시정보 Contacts 지속가능경영 지속가능경영 개요 환경 사회 지배구조 사회공헌 한샘 사회공헌 한샘 사회공헌 소식 고객지원 한샘서비스센터 고객상담 찾아오시는 길 공지사항 대리점 개설 안내 대리점 개설 안내 SCM 유통사업 안내 한샘몰 한샘서비스센터 사이트맵 Language: Korean / English 홈 > 지속가능경영 > 지속가능경영 개요 > 보고서&자료실 지속가능경영 전략 평가 등급 보고서&자료실 한샘은 다양한 이해관계자와의 소통을 통해 투명한 정보 공개를 이어가고 있습니다. 지속가능경영보고서 정책 및 인증서 한샘은 여러 이해관계자들과의 소통을 통해 지속가능경영과 관련된 주요 이슈를 수렴하고 반영하고 있습니다. 한,ok,reject,,,"ai_judge:reject conf=0.00; The context does not specify the edition number of the sustainability report, making the answer unsupported.",The answer adds facts not in context.
SV2-D-0032-E32,한샘,한샘_dataset_package_20260608T042739,multi_context,medium,,"한샘의 지속가능경영보고서 발간 횟수는 몇 회이며, 가장 최근 발간된 보고서는 어떤 해의 보고서인가요?",여섯 번째 지속가능경영보고서입니다.,rec_030916ba7f52fe4d,"지속가능경영보고서 정책 및 인증서 한샘은 여러 이해관계자들과의 소통을 통해 지속가능경영과 관련된 주요 이슈를 수렴하고 반영하고 있습니다. 한샘의 사업 활동 과정에서 기업 윤리 및 사회적 책임과 관련된 사항을 확인하시거나, 의견을 전달하고자 하시는 경우 아래 메일 혹은 유선으로 의견 전달을 부탁드립니다. 접수된 의견은 익명성이 보장되며, 이해관계자의 의견은 지속가능경영 전반의 관리 및 개선에 반영하고자 노력하겠습니다. 2025 한샘 지속가능경영보고서 한샘이 발간하는 여섯 번째 지속가능경영보고서입니다. 국문 영문 2024년 한샘 지속가능경영보고서 국문 영문 2023년 한샘 지속가능경영보고서 국문 영문 2022년 한샘 지속가능경영보고서 국문 영문 2021년 한샘 지속가능경영보고서 국문 영문 2020년 한샘 지속가",ok,approve,"한샘의 지속가능경영보고서 발간 횟수는 몇 회이며, 가장 최근 발간된 보고서는 어떤 해의 보고서인가요?","여섯 번째 지속가능경영보고서이며, 가장 최근 발간된 보고서는 2024년의 보고서입니다.",ai_judge:revise→approve conf=0.80; The answer is correct but lacks specificity regarding the most recent report year.,The answer must not add facts not in context.
SV2-D-0033,한샘,한샘_dataset_package_20260608T042739,simple,easy,,한샘이 이중 중대성 평가를 통해 선정한 중대 이슈는 무엇인가요?,"기후변화 완화, 책임있는 조달, 지속 가능한 제품 설계, 사업장 근무 조건, 인권경영, 협력사 동반성장, 제품 안전 및 품질, 공정거래 등 총 8개 중대 이슈를 선정했다.",rec_39fe9a810a0d6923,"이중 중대성 평가(Double Materiality Assessment)는 지속가능성 이슈가 기업의 재무에 미치는 영향(Financial Materiality)과 기업 활동이 환경·사회에 미치는 영향(Impact Materiality)을 동시에 고려해 중점적으로 관리할 지속가능성 이슈를 선정하는 과정이다.
한샘은 이중 중대성 평가를 통해 ▲기후변화 완화 ▲책임있는 조달 ▲지속 가능한 제품 설계 ▲사업장 근무 조건 ▲인권경영 ▲협력사 동반성장 ▲제품 안전 및 품질 ▲공정거래 등 총 8개 중대 이슈를 선정했다.
한샘은 기업 지배구조의 투명성과 책임성을 강화하기 위한 다양한 노력을 지속하고 있다. 집행임원제도를 도입해 집행임원이 이사회로부터 업무 집행에 대한 의사결정권과 집행권을 위임받아 운영하고 있으며, 이사회",ok,approve,,,ai_judge:approve conf=1.00; The answer is fully supported by the context provided.,Không thêm thông tin ngoài context; không suy đoán nếu thiếu số liệu
SV2-D-0034,한샘,한샘_dataset_package_20260608T042739,simple,easy,,한샘이 발간한 보고서는 어떤 내용을 담고 있나요?,"ESG 경영 현황과 성과, 청사진을 담은 ‘2025 지속가능경영보고서’를 발간했다.",rec_b1e5d2fd63103966,"가 가 기사의 본문 내용은 이 글자크기로 변경됩니다.
가 가 기사의 본문 내용은 이 글자크기로 변경됩니다.
가 가 기사의 본문 내용은 이 글자크기로 변경됩니다.
가 가
가
가
기사의 본문 내용은 이 글자크기로 변경됩니다.
이 기사를 공유합니다
이 기사를 공유합니다
이 기사를 공유합니다
한샘이 발간한 2025 지속가능경영보고서 표지(사진=한샘) [백세경제=김인하 기자] 한샘이 글로벌 기준에 맞춰 ESG 경영 성과를 정리한 보고서를 내놨다. 한샘은 ESG(환경·사회·지배구조) 경영 현황과 성과, 청사진을 담은 ‘2025 지속가능경영보고서’를 발간했다고 1일 밝혔다. 한샘은 업계 리딩 기업으로서의 사회적 책임을 다하고자 작년에는 국제회계기준(IFRS) 산하 국제지속가능성기준위원회(ISSB)에서 제정한 지속가능성 ",ok,approve,,,ai_judge:approve conf=1.00; The answer is fully supported by the context provided.,Không thêm thông tin ngoài context; không suy đoán nếu thiếu số liệu
SV2-D-0035,한샘,한샘_dataset_package_20260608T042739,simple,easy,,한샘은 어떤 보고서를 발간했나요?,‘2022 지속가능경영보고서’,rec_6012503bc8a4e28d,"SNS 뉴스스탠드 네이버블로그 아투TV(유튜브) 페이스북 인스타그램
뉴스스탠드
네이버블로그
아투TV(유튜브)
페이스북
인스타그램
다국어뉴스 ENGLISH 中文 Tiếng Việt 패밀리사이트 마켓파워 아투TV 대학동문골프최강전 글로벌리더스클럽
다국어뉴스 ENGLISH 中文 Tiếng Việt
다국어뉴스 ENGLISH 中文 Tiếng Việt
ENGLISH
中文
Tiếng Việt
패밀리사이트 마켓파워 아투TV 대학동문골프최강전 글로벌리더스클럽
패밀리사이트 마켓파워 아투TV 대학동문골프최강전 글로벌리더스클럽
마켓파워
아투TV
대학동문골프최강전
글로벌리더스클럽
한샘, ‘2022 지속가능경영보고서’ 발간 공유하기 URL 복사 https://www.asiatoday.co.kr/kn/view.php?key=20220",ok,approve,,,ai_judge:approve conf=1.00; The answer is fully supported by the context provided.,Không thêm thông tin ngoài context; không suy đoán nếu thiếu số liệu
SV2-D-0036-E36,한샘,한샘_dataset_package_20260608T042739,multi_context,medium,,한샘은 지속가능경영보고서를 발간한 연도와 그 보고서의 주요 내용은 무엇인가요?,"2022년 8월 9일에 발간했으며, 환경·사회·지배구조(ESG) 경영의 현황과 성과를 담고 있습니다.",rec_147089a328626757,"Advertisements
Advertisements
중기벤처 중소 한샘, ‘2022 지속가능경영보고서’ 발간 공유하기 읽기모드 글자크기 기사듣기 인쇄하기 공유하기 URL 복사 https://www.asiatoday.co.kr/kn/view.php?key=20220809010005127 글자크기 가 가 가 가 오세은 기자 승인 : 2022. 08. 09. 08:18 Advertisements Advertisements 1 0 한샘 2022년 지속가능경영보고서 이미지./제공=한샘 한샘은 9일 환경·사회·지배구조(ESG) 경영의 현황과 성과를 담은 '2022 한샘 지속가능경영보고서'를 발간했다고 밝혔다. 한샘은 2020년부터 3년 연속으로 지속가능경영보고서를 발간하면서 ESG 경영 활동을 이어가고 있다. 이번 ",ok,approve,,,ai_judge:approve conf=1.00; The answer is fully supported by the context provided.,Không thêm thông tin ngoài context; không suy đoán nếu thiếu số liệu
SV2-D-0037,한샘,한샘_dataset_package_20260608T042739,simple,easy,,한샘의 정기보고서는 어디에서 열람할 수 있나요?,한샘의 정기 보고서를 열람하실 수 있습니다.,rec_770c772d010352ff,기업소개 경영이념 사업소개 연혁 및 수상 채용안내 IR 경영정보 재무정보 IR자료실 공시정보 Contacts 지속가능경영 지속가능경영 개요 환경 사회 지배구조 사회공헌 한샘 사회공헌 한샘 사회공헌 소식 고객지원 한샘서비스센터 고객상담 찾아오시는 길 공지사항 대리점 개설 안내 대리점 개설 안내 SCM 유통사업 안내 한샘몰 한샘서비스센터 사이트맵 Language: Korean / English 홈 > IR > 공시정보 > 정기보고서 전자공고 공시자료 정기보고서 (주) 한샘의 정기 보고서를 열람하실 수 있습니다. 정기보고서 2025년 사업보고서(2025.12) 다운로드 2024년 사업보고서(2024.12) 다운로드 2023년 사업보고서(2023.12) 다운로드 3분기보고서(2023.09) 다운로드 반기보고서(20,ok,approve,한샘의 정기보고서는 어디에서 열람할 수 있나요?,한샘의 정기보고서는 IR > 공시정보 > 정기보고서에서 열람하실 수 있습니다.,ai_judge:revise→approve conf=0.80; The answer is correct but too vague. It should specify where to access the reports.,The answer should not be vague and must specify the location of the reports.
SV2-D-0039,한샘,한샘_dataset_package_20260608T042739,simple,easy,,한샘은 언제부터 지속가능경영보고서를 발간하고 있나요?,2020년부터 3년 연속으로 지속가능경영보고서를 발간하고 있습니다.,rec_102f3d47a149ed3d,1 0 한샘 2022년 지속가능경영보고서 이미지./제공=한샘 한샘은 9일 환경·사회·지배구조(ESG) 경영의 현황과 성과를 담은 '2022 한샘 지속가능경영보고서'를 발간했다고 밝혔다. 한샘은 2020년부터 3년 연속으로 지속가능경영보고서를 발간하면서 ESG 경영 활동을 이어가고 있다. 이번 보고서는 한샘 기업 홈페이지에서 열람할 수 있다. 이번 보고서에는 지난해 한샘의 ESG 경영 성과와 올해 전략 과제 추진 사항 등의 내용이 담겼다. 한샘은 2021년 이사회 중심 경영 체제를 구축하고 이사회 산하 ESG 위원회를 설치하는 등 ESG 경영 체계를 강화했다. 올해는 △온실가스 배출 관리 강화 △친환경 제품 개발 △지속적 지역사회 공헌활동 △일과 삶의 균형 구축 △협력사 동반성장 등의 활동을 이어가고 있다. ,ok,approve,,,ai_judge:approve conf=1.00; The answer is fully supported by the context provided.,Không thêm thông tin ngoài context; không suy đoán nếu thiếu số liệu
SV2-D-0041,레이시온,레이시온_dataset_package_20260608T055801,simple,easy,,레이시온의 감사보고서는 언제 제출되었나요?,20260408,rec_8c1f92062aa72144,"DART disclosure snapshot
corp_code: 01730366
corp_name: 레이시온
stock_code: 
corp_cls: E
report_nm: 감사보고서 (2025.12)
rcept_no: 20260408003328
flr_nm: 미래회계법인
rcept_dt: 20260408
rm:",ok,approve,,,ai_judge:approve conf=1.00; The answer is fully supported by the context provided.,Không thêm thông tin ngoài context; không suy đoán nếu thiếu số liệu
SV2-D-0042,레이시온,레이시온_dataset_package_20260608T055801,simple,easy,,민원서비스에서 어떤 정보를 신청할 수 있나요?,각종 정보를 신청하고 결과를 조회하세요.,rec_3e74cbf0392f892b,"민원서비스 각종 정보를 신청하고 결과를 조회하세요 민원서비스 온라인민원신청 민원신청안내 사진촬영신청 항만시설견학신청 민원서식자료실 실적증명서 발급 증명서발급절차안내 실적증명서 발급신청 증명서사실확인 신문고 국민신문고 국민신문고 나의 민원 안전신문고 Port-MIS 항만시설 이용안내 Port-MIS 바로가기 각종신고 통합신고센터 온라인신고 오프라인신고 적극행정 적극행정 칭찬海 적극행정 이모저모 통합자료실 소극행정신고센터 규제개혁 기업성장응답센터 소개 규제애로신고 기업민원보고서비스헌장 주요규제개선사례 기업애로처리실적 항만출입관리 국민신문고 안전신문고 부패공익신고
민원서비스 각종 정보를 신청하고 결과를 조회하세요",ok,approve,,,ai_judge:approve conf=1.00; The answer is fully supported by the context without any hallucination.,Không thêm thông tin ngoài context; không suy đoán nếu thiếu số liệu
SV2-D-0043,레이시온,레이시온_dataset_package_20260608T055801,simple,easy,,여수항의 일반현황은 무엇인가요?,"여수항의 일반현황은 개발현황, 시설현황, 연혁 등이 포함됩니다.",rec_a0562eb6dcc8b62e,"항만운영과 개발의 모든 정보를 제공합니다
여수항 여수항 일반현황 개발현황 시설현황 연혁 여수세계박람회장 일반현황 시설현황 광양항 광양항 일반현황 개발현황 시설현황 연혁 항만관련부지/철송장 광양항 운영정보 항만운영정보 컨테이너 서비스 현황 광양선석배정표 여천선석배정표 광양항 인센티브 제도 여수광양항 화물주요 통계 광양항 프리넷 광양항 배후단지 일반현황 개발현황 단지조성현황 물류인프라 입주현황 입주정보 입주지원 근린시설 기타 여수광양항 지도 지식정보 U-Port (RFID) 지식창고 E-book 용어사전 여객선터미널 여수연안여객선터미널 여수연안여객선터미널 관리·운영 현황 여수엑스포여객선터미널 승선예매
여수항 여수항 일반현황 개발현황 시설현황 연혁 여수세계박람회장 일반현황 시설현황
여수항 일반현황 개발현황 시설현",ok,approve,,,ai_judge:approve conf=1.00; The answer is fully supported by the context provided.,Không thêm thông tin ngoài context; không suy đoán nếu thiếu số liệu
SV2-D-0044,레이시온,레이시온_dataset_package_20260608T055801,simple,easy,,공사는 ESG경영 활동에 대한 이해관계자의 관심 사항을 어떻게 파악하고 있습니까?,이해관계자의 관심 사항을 파악하여 매년 ESG경영활동과 성과를 투명하게 공개하고 있습니다.,rec_40b94d178a66babb,"공사의 ESG경영 활동에 대한 이해관계자의 관심 사항을 파악하여 매년 ESG경영활동과 성과를 투명하게 공개하고 있습니다.
공사의 ESG경영 활동에 대한 이해관계자의 관심 사항을 파악하여 매년 ESG경영활동과 성과를 투명하게 공개하고 있습니다.
바로읽기 다운로드
바로읽기 다운로드
2024지속가능경영보고서 웹사이트 바로가기
2024지속가능경영보고서 웹사이트 바로가기
전체 제목 내용
전체 제목 내용
전체 제목 내용
전체 제목 내용
글 작성시 입력하신 비밀번호를 입력해 주세요. 확인 취소
글 작성시 입력하신 비밀번호를 입력해 주세요. 확인 취소
글 작성시 입력하신 비밀번호를 입력해 주세요.
확인 취소
담당자 만족도 평가 담당자 ESG경영실 전화 061-797-4384 최종업데이트 2026-05-22 이 페이지에서 ",ok,approve,,,ai_judge:approve conf=1.00; The answer is fully supported by the context without any hallucination.,Không thêm thông tin ngoài context; không suy đoán nếu thiếu số liệu
SV2-D-0045,레이시온,레이시온_dataset_package_20260608T055801,simple,easy,,온라인 민원신청은 어떻게 하나요?,각종 정보를 신청하고 결과를 조회하세요.,rec_3cad6b2bbd4ab446,"각종 정보를 신청하고 결과를 조회하세요
민원서비스 온라인민원신청 민원신청안내 사진촬영신청 항만시설견학신청 민원서식자료실 실적증명서 발급 증명서발급절차안내 실적증명서 발급신청 증명서사실확인 신문고 국민신문고 국민신문고 나의 민원 안전신문고 Port-MIS 항만시설 이용안내 Port-MIS 바로가기 각종신고 통합신고센터 온라인신고 오프라인신고 적극행정 적극행정 칭찬海 적극행정 이모저모 통합자료실 소극행정신고센터 규제개혁 기업성장응답센터 소개 규제애로신고 기업민원보고서비스헌장 주요규제개선사례 기업애로처리실적
민원서비스 온라인민원신청 민원신청안내 사진촬영신청 항만시설견학신청 민원서식자료실 실적증명서 발급 증명서발급절차안내 실적증명서 발급신청 증명서사실확인 신문고 국민신문고 국민신문고 나의 민원 안전신문고 Port-",ok,approve,,,ai_judge:approve conf=1.00; The answer is fully supported by the context provided.,Không thêm thông tin ngoài context; không suy đoán nếu thiếu số liệu
SV2-D-0046,레이시온,레이시온_dataset_package_20260608T055801,simple,easy,,정보공개제도는 무엇인가요?,모든 정보를 투명하게 공개합니다.,rec_61bc03594c440dcd,"모든 정보를 투명하게 공개합니다
정보공개제도 정보공개제도 정보공개제도 안내 정보공개청구 절차 정보공개청구 정보공개방법 법령·지침·서식 정보공개 정보공개 정보공개 목록 부서별 주요계획 계약정보공개 사전정보공표 공공데이터 개방 공공데이터 개방 목록 선박·화물실적통계 월별물동량처리실적 그래프로 보는 물동량 통계 자산현황 공공데이터 아이디어제안 사업실명제 기타 경영공시
정보공개제도 정보공개제도 정보공개제도 안내 정보공개청구 절차 정보공개청구 정보공개방법 법령·지침·서식
정보공개제도 정보공개제도 안내 정보공개청구 절차 정보공개청구 정보공개방법 법령·지침·서식
정보공개제도 안내
정보공개제도 안내
정보공개청구 절차
정보공개청구 절차
정보공개청구
정보공개청구
정보공개방법
정보공개방법
법령·지침·서식
법령·지침·서식
정보공",ok,approve,정보공개제도는 무엇인가요?,정보공개제도는 모든 정보를 투명하게 공개하는 제도입니다.,ai_judge:revise→approve conf=0.80; The answer is correct but too vague. It should specify that the information is disclosed through a formal system.,The answer should not be vague or lack specificity.
SV2-D-0047,레이시온,레이시온_dataset_package_20260608T055801,simple,easy,,정보공개제도는 무엇인가요?,정보공개제도는 모든 정보를 투명하게 공개하는 제도입니다.,rec_17348d0b03ca0375,"열린경영 모든 정보를 투명하게 공개합니다 정보공개제도 정보공개제도 정보공개제도 안내 정보공개청구 절차 정보공개청구 정보공개방법 법령·지침·서식 정보공개 정보공개 정보공개 목록 부서별 주요계획 계약정보공개 사전정보공표 공공데이터 개방 공공데이터 개방 목록 선박·화물실적통계 월별물동량처리실적 그래프로 보는 물동량 통계 자산현황 공공데이터 아이디어제안 사업실명제 기타 경영공시 정보공개포털 Port-MIS 배후단지 맞춤정보
열린경영 모든 정보를 투명하게 공개합니다 정보공개제도 정보공개제도 정보공개제도 안내 정보공개청구 절차 정보공개청구 정보공개방법 법령·지침·서식 정보공개 정보공개 정보공개 목록 부서별 주요계획 계약정보공개 사전정보공표 공공데이터 개방 공공데이터 개방 목록 선박·화물실적통계 월별물동량처리실적 그래프",ok,approve,,,ai_judge:approve conf=1.00; The answer accurately reflects the context provided about the information disclosure system.,Không thêm thông tin ngoài context; không suy đoán nếu thiếu số liệu
SV2-D-0049,레이시온,레이시온_dataset_package_20260608T055801,simple,easy,,여수광양항만공사에서 제공하는 정보공개제도는 무엇인가요?,모든 정보를 투명하게 공개합니다.,rec_29aa4eae07aa4eb5,"여수광양항만공사 대표 홈페이지
열린경영 열린경영 모든 정보를 투명하게 공개합니다 정보공개제도 정보공개제도 정보공개제도 안내 정보공개청구 절차 정보공개청구 정보공개방법 법령·지침·서식 정보공개 정보공개 정보공개 목록 부서별 주요계획 계약정보공개 사전정보공표 공공데이터 개방 공공데이터 개방 목록 선박·화물실적통계 월별물동량처리실적 그래프로 보는 물동량 통계 자산현황 공공데이터 아이디어제안 사업실명제 기타 경영공시 정보공개포털 Port-MIS 배후단지 맞춤정보 항만운영 항만운영 항만운영과 개발의 모든 정보를 제공합니다 여수항 여수항 일반현황 개발현황 시설현황 연혁 여수세계박람회장 일반현황 시설현황 광양항 광양항 일반현황 개발현황 시설현황 연혁 항만관련부지/철송장 광양항 운영정보 항만운영정보 컨테이너 서비스 현황 ",ok,approve,,,ai_judge:approve conf=1.00; The answer is fully supported by the context provided.,Không thêm thông tin ngoài context; không suy đoán nếu thiếu số liệu
SV2-D-0050,레이시온,레이시온_dataset_package_20260608T055801,simple,easy,,최고경영자의 인사말은 무엇인가요?,CEO와의 대화,rec_a94dfee9e98416f6,"최고경영자 인사말 CEO와의 대화
최고경영자
인사말
CEO와의 대화
미션과 비전
미션과 비전
항만위원회
항만위원회
조직 및 직원검색 조직도 부서 상세 목록
조직 및 직원검색
조직도
부서 상세 목록
홍보자료 CI/캐릭터 홍보영상 발간물
홍보자료
CI/캐릭터
홍보영상
발간물
오시는 길 본사/홍보관 여수지사 여수엑스포사후활용추진단
오시는 길
본사/홍보관
여수지사
여수엑스포사후활용추진단
유관기관
유관기관
부가정보 이용안내 개인정보처리방침 개인정보처리방침 개인정보처리방침 변경 개인정보처리업무 위탁사실 공개 개인정보열람 청구방법 및 절차 개인정보 제3자 제공현황 개인정보파일 보유현황 CCTV 운영관리 방침 홈페이지 저작권보호",ok,approve,최고경영자의 인사말은 무엇인가요?,최고경영자 인사말 CEO와의 대화,ai_judge:revise→approve conf=0.90; The answer is correct but should match the context more closely.,The answer should not introduce vague terms or misrepresent the context.
SV2-D-0051,레이시온,레이시온_dataset_package_20260608T055801,simple,easy,,여수광양항만공사의 정보공개제도는 무엇인가요?,모든 정보를 투명하게 공개합니다.,rec_dcb75421507d0e47,"여수광양항만공사 대표 홈페이지 열린경영 열린경영 모든 정보를 투명하게 공개합니다 정보공개제도 정보공개제도 정보공개제도 안내 정보공개청구 절차 정보공개청구 정보공개방법 법령·지침·서식 정보공개
정보공개 정보공개 목록 부서별 주요계획 계약정보공개 사전정보공표 공공데이터 개방 공공데이터 개방 목록 선박·화물실적통계 월별물동량처리실적 그래프로 보는 물동량 통계 자산현황 공공데이터 아이디어제안
사업실명제 기타 경영공시 정보공개포털 Port-MIS 배후단지 맞춤정보 항만운영 항만운영 항만운영과 개발의 모든 정보를 제공합니다 여수항 여수항 일반현황 개발현황 시설현황 연혁 여수세계박람회장
일반현황 시설현황 광양항 광양항 일반현황 개발현황 시설현황 연혁 항만관련부지/철송장 광양항 운영정보 항만운영정보 컨테이너 서비스 현황 ",ok,approve,,,ai_judge:approve conf=1.00; The answer is fully supported by the context provided.,Không thêm thông tin ngoài context; không suy đoán nếu thiếu số liệu
SV2-D-0052,레이시온,레이시온_dataset_package_20260608T055801,simple,easy,,여수광양항만공사에서 제공하는 정보공개제도는 무엇인가요?,모든 정보를 투명하게 공개합니다.,rec_660868aebfafbdae,"본문 내용으로 바로가기
여수광양항만공사 대표 홈페이지 열린경영 열린경영 모든 정보를 투명하게 공개합니다 정보공개제도 정보공개제도 정보공개제도 안내 정보공개청구 절차 정보공개청구 정보공개방법 법령·지침·서식 정보공개 정보공개 정보공개 목록 부서별 주요계획 계약정보공개 사전정보공표 공공데이터 개방 공공데이터 개방 목록 선박·화물실적통계 월별물동량처리실적 그래프로 보는 물동량 통계 자산현황 공공데이터 아이디어제안 사업실명제 기타 경영공시 정보공개포털 Port-MIS 배후단지 맞춤정보 항만운영 항만운영 항만운영과 개발의 모든 정보를 제공합니다 여수항 여수항 일반현황 개발현황 시설현황 연혁 여수세계박람회장 일반현황 시설현황 광양항 광양항 일반현황 개발현황 시설현황 연혁 항만관련부지/철송장 광양항 운영정보 항만운영정보",ok,approve,,,ai_judge:approve conf=1.00; The answer is fully supported by the context provided.,Không thêm thông tin ngoài context; không suy đoán nếu thiếu số liệu
SV2-D-0053,레이시온,레이시온_dataset_package_20260608T055801,simple,easy,,현대트랜시스는 언제까지 모든 사업장에서 재생에너지를 100% 사용할 계획인가요?,2040년까지 전 사업장 재생에너지 100% 사용을 목표로 하고 있다.,rec_823a35d2b3f3713b,"현대트랜시스, 2040년 모든 사업장 재생에너지 100% 사용 현대트랜시스가 지속가능경영을 위한 환경·사회·지배구조(ESG) 추진전략과 성과를 담은 ‘2024 현대트랜시스 지속가능성 보고서’를 발간했다고 14일 밝혔다. 현대트랜시스는 고객과 투자자를 비롯한 국내외 여러 이해관계자들과의 소통을 위해 지난 2020년부터 매년 지속가능경영 보고서를 발간하고 있다. 여수동 사장은 인사말에서 “최근 글로벌 시장은 지정학적 리스크 확대, 산업 전환에 따른 경쟁심화, ESG 규제 강화 등 불확실성이 더욱 높아지고 있다”며 “현대트랜시스는 이러한 변화를 오히려 새로운 성장의 기회로 삼아 지속가능한 성장을 추진해 나가겠다”고 말했다. 지속가능성 보고서는 △지속가능성을 향한 길 △ESG 성과 △ESG 데이터 등 세 파트로 구",ok,approve,,,ai_judge:approve conf=1.00; The answer is fully supported by the context provided.,Không thêm thông tin ngoài context; không suy đoán nếu thiếu số liệu
SV2-D-0054,레이시온,레이시온_dataset_package_20260608T055801,simple,easy,,여수광양항만공사의 정보공개제도는 무엇인가요?,모든 정보를 투명하게 공개합니다.,rec_d67d0962f326596b,"본문 내용으로 바로가기 여수광양항만공사 대표 홈페이지 열린경영 열린경영 모든 정보를 투명하게 공개합니다 정보공개제도 정보공개제도 정보공개제도 안내 정보공개청구 절차 정보공개청구 정보공개방법
법령·지침·서식 정보공개 정보공개 정보공개 목록 부서별 주요계획 계약정보공개 사전정보공표 공공데이터 개방 공공데이터 개방 목록 선박·화물실적통계 월별물동량처리실적 그래프로 보는 물동량 통계 자산현황
공공데이터 아이디어제안 사업실명제 기타 경영공시 정보공개포털 Port-MIS 배후단지 맞춤정보 항만운영 항만운영 항만운영과 개발의 모든 정보를 제공합니다 여수항 여수항 일반현황 개발현황 시설현황
연혁 여수세계박람회장 일반현황 시설현황 광양항 광양항 일반현황 개발현황 시설현황 연혁 항만관련부지/철송장 광양항 운영정보 항만운영정보",ok,approve,,,ai_judge:approve conf=1.00; The answer is fully supported by the context provided.,Không thêm thông tin ngoài context; không suy đoán nếu thiếu số liệu
SV2-D-0055-E55,레이시온,레이시온_dataset_package_20260608T055801,reasoning,medium,,현대트랜시스가 2040년까지 모든 사업장에서 재생에너지를 100% 사용하겠다고 발표한 이유는 무엇인가요?,2040년까지 전 사업장 재생에너지 100% 사용을 목표로 하고 있다.,rec_8ce8ae7d4d528119,"현대트랜시스, 2040년 모든 사업장 재생에너지 100% 사용
현대트랜시스가 지속가능경영을 위한 환경·사회·지배구조(ESG) 추진전략과 성과를 담은 ‘2024 현대트랜시스 지속가능성 보고서’를 발간했다고 14일 밝혔다. 현대트랜시스는 고객과 투자자를 비롯한 국내외 여러 이해관계자들과의 소통을 위해 지난 2020년부터 매년 지속가능경영 보고서를 발간하고 있다. 여수동 사장은 인사말에서 “최근 글로벌 시장은 지정학적 리스크 확대, 산업 전환에 따른 경쟁심화, ESG 규제 강화 등 불확실성이 더욱 높아지고 있다”며 “현대트랜시스는 이러한 변화를 오히려 새로운 성장의 기회로 삼아 지속가능한 성장을 추진해 나가겠다”고 말했다. 지속가능성 보고서는 △지속가능성을 향한 길 △ESG 성과 △ESG 데이터 등 세 파트로 구",ok,reject,,,"ai_judge:reject conf=0.00; The answer does not explain the reason for the announcement, only states the goal.","The answer must provide a reason for the announcement, which is not present in the context."
SV2-D-0056,레이시온,레이시온_dataset_package_20260608T055801,simple,easy,,현대트랜시스는 언제부터 지속가능경영 보고서를 발간하고 있나요?,2020년부터 매년 지속가능경영 보고서를 발간하고 있다.,rec_3ed16c25960d0327,"뉴스 듣기 글자 크기 가 보통 가 크게 가 아주 크게 기사 공유 페이스북 엑스 카카오톡 이메일 주소복사 북마크 다크모드 프린트 네이버 채널구독 다음 채널구독 현대트랜시스가 ESG 추진전략 및 성과를 수록한 '2024 현대트랜시스 지속가능경영보고서'를 발간했다. 사진제공=현대트랜시스 현대트랜시스가 지속가능경영을 위한 환경·사회·지배구조(ESG) 추진전략과 성과를 담은 ‘2024 현대트랜시스 지속가능성 보고서’를 발간했다고 14일 밝혔다. 현대트랜시스는 고객과 투자자를 비롯한 국내외 여러 이해관계자들과의 소통을 위해 지난 2020년부터 매년 지속가능경영 보고서를 발간하고 있다. 여수동 사장은 인사말에서 “최근 글로벌 시장은 지정학적 리스크 확대, 산업 전환에 따른 경쟁심화, ESG 규제 강화 등 불확실성이 더욱",ok,approve,,,ai_judge:approve conf=1.00; The answer is fully supported by the context provided.,Không thêm thông tin ngoài context; không suy đoán nếu thiếu số liệu
SV2-D-0057,레이시온,레이시온_dataset_package_20260608T055801,simple,easy,,현대트랜시스는 언제부터 지속가능경영 보고서를 발간하고 있나요?,2020년부터 매년 지속가능경영 보고서를 발간하고 있다.,rec_d73c7eba549e0445,"뉴스 듣기 글자 크기 가 보통 가 크게 가 아주 크게 기사 공유 페이스북 엑스 카카오톡 이메일 주소복사 북마크 다크모드 프린트 네이버 채널구독 다음 채널구독 현대트랜시스가 ESG 추진전략 및 성과를
수록한 '2024 현대트랜시스 지속가능경영보고서'를 발간했다. 사진제공=현대트랜시스 현대트랜시스가 지속가능경영을 위한 환경·사회·지배구조(ESG) 추진전략과 성과를 담은 ‘2024 현대트랜시스
지속가능성 보고서’를 발간했다고 14일 밝혔다. 현대트랜시스는 고객과 투자자를 비롯한 국내외 여러 이해관계자들과의 소통을 위해 지난 2020년부터 매년 지속가능경영 보고서를 발간하고 있다. 여수동
사장은 인사말에서 “최근 글로벌 시장은 지정학적 리스크 확대, 산업 전환에 따른 경쟁심화, ESG 규제 강화 등 불확실성이 더욱",ok,approve,,,ai_judge:approve conf=1.00; The answer is fully supported by the context provided.,Không thêm thông tin ngoài context; không suy đoán nếu thiếu số liệu
SV2-D-0060,레이시온,레이시온_dataset_package_20260608T055801,simple,easy,,에이피알은 어떤 보고서를 처음으로 발표했나요?,지속가능경영보고서를 내놓았다.,rec_24a3b34f0ea49eeb,"HD Hyundai Expands SMR Ship Plans to Car Carriers HD Hyundai announced on the 5th that it obtained Approval in Principle from Lloyd’s Register for a l...
에이피알, 첫 지속가능경영보고서…‘뷰티 플랫폼’서 ESG 기업으로 체질 전환 글로벌 뷰티 브랜드를 앞세워 성장해 온 에이피알이 처음으로 지속가능경영보고서를 내놓으면서 ESG를 전면에 세운 경영 체질 전환에 나섰다. 단순 브랜드·마케팅 기업이 아닌 글로벌 상...
에이피알, 첫 지속가능경영보고서…‘뷰티 플랫폼’서 ESG 기업으로 체질 전환 글로벌 뷰티 브랜드를 앞세워 성장해 온 에이피알이 처음으로 지속가능경영보고서를 내놓으면서 ESG를 전",ok,approve,,,ai_judge:approve conf=1.00; The answer is fully supported by the context provided.,Không thêm thông tin ngoài context; không suy đoán nếu thiếu số liệu
SV2-D-0061,레이시온,레이시온_dataset_package_20260608T055801,simple,easy,,지속가능경영보고서는 어떤 형태로 배포되나요?,인쇄본과 PDF 디지털 배포본이 함께 배포됩니다.,rec_41808a20f1db11fa,"인쇄와 디지털 배포를 동시에 고려한 설계 지속가능경영보고서는 인쇄본과 PDF 디지털 배포본이 함께... 있는 파트너로 함께합니다. 문의 안내 홈페이지 :
http://www.designfish.kr/ 문의 : 이메일 *********@naver.com",ok,approve,,,ai_judge:approve conf=1.00; The answer is fully supported by the context provided.,Không thêm thông tin ngoài context; không suy đoán nếu thiếu số liệu
SV2-D-0062,레이시온,레이시온_dataset_package_20260608T055801,simple,easy,,지속가능경영보고서 제작 과정에서 어떤 절차가 포함되나요?,부서 회람과 경영진의 수정 반영 및 영문 번역 진행이 포함됩니다.,rec_1b6e79e15e7fbb2a,"지속가능경영보고서 사례 6. 수정 반영 및 영문 번역 진행 보고서 제작 과정에서는 부서 회람과 경영진... 문의 안내 홈페이지 : http://www.designfish.kr/ 문의 : 이메일
*********@naver.com 1편도 궁금하시다면 아래를...",ok,approve,,,ai_judge:approve conf=1.00; The answer is fully supported by the context provided.,Không thêm thông tin ngoài context; không suy đoán nếu thiếu số liệu
SV2-D-0063,레이시온,레이시온_dataset_package_20260608T055801,simple,easy,,지속가능경영보고서 제작 시 안정적인 업체는 어떤 특징이 있나요?,흔들릴 가능성도 낮아집니다.,rec_51f1923b681420c2,"흔들릴 가능성도 낮아집니다. 아래는 지속가능경영보고서 제작 시, 안정적인 업체가 일반적으로... 문의 안내 홈페이지 : http://www.designfish.kr/ 문의 : 이메일
*********@naver.com 2편도 이어서 확인해보세요. ↓↓",ok,approve,지속가능경영보고서 제작 시 안정적인 업체는 어떤 특징이 있나요?,안정적인 업체는 흔들릴 가능성이 낮습니다.,ai_judge:revise→approve conf=0.80; The answer is correct but lacks specificity and context. It should be more directly tied to the characteristics of stable companies in the context of sustainability reporting.,The answer should not be vague and should directly reflect the characteristics mentioned in the context.
SV2-D-0064,레이시온,레이시온_dataset_package_20260608T055801,simple,easy,,귀사의 지속가능경영보고서를 어떻게 활용할 수 있나요?,단순한 '의무 제출 문서'가 아닌 브랜드 자산이 될 수 있도록 전략 기획 단계부터 함께 논의해드립니다.,rec_cc585705bddb4222,"귀사의 지속가능경영보고서가 단순한 '의무 제출 문서'가 아닌 브랜드 자산이 될 수 있도록 전략 기획 단계부터 함께 논의해드립니다. 문의 안내 홈페이지 :
http://www.designfish.kr/ 문의 : 이메일 *********@naver.com",ok,approve,,,ai_judge:approve conf=1.00; The answer is fully supported by the context provided.,Không thêm thông tin ngoài context; không suy đoán nếu thiếu số liệu
SV2-D-0065-E65,레이시온,레이시온_dataset_package_20260608T055801,reasoning,medium,,지속가능경영보고서 품질 향상 및 검증 대응 교육이 ESG 담당자에게 추천되는 이유는 무엇인가요?,지속가능경영보고서 작성 및 검증을 준비하는 ESG 담당자에게 추천합니다.,rec_21a2e8aa21353bcc,"[등록하기] 지속가능경영보고서 품질 향상 및 검증 대응 교육 https://learn.dnv.com/lmt/!clmsLink.dt?site... 교육.pdf 이런 분들께 추천합니다!
지속가능경영보고서 작성 및 검증을 준비하는 ESG 담당자 지속가능...",ok,approve,,,ai_judge:approve conf=1.00; The answer is fully supported by the context provided.,Không thêm thông tin ngoài context; không suy đoán nếu thiếu số liệu
SV2-D-0066,레이시온,레이시온_dataset_package_20260608T055801,simple,easy,,기아는 지속가능경영 보고서를 어떻게 발간하고 있나요?,2022년부터 지속가능경영 보고서를 종이 인쇄 없이 PDF 형태로만 발간하고 있다.,rec_4a69f273182b613d,윤리경영을 지속 강화할 것”이라고 강조했다. 기아는 환경 영향을 최소화하기 위해 2022년부터 지속가능경영 보고서를 종이 인쇄 없이 PDF 형태로만 발간하고 있다. 해당 보고서는...,ok,approve,,,ai_judge:approve conf=1.00; The answer is fully supported by the context without any hallucination.,Không thêm thông tin ngoài context; không suy đoán nếu thiếu số liệu
SV2-D-0067,레이시온,레이시온_dataset_package_20260608T055801,simple,easy,,삼성전기 지속가능경영에 대한 의견을 어떻게 활용할 예정인가요?,귀하의 소중한 의견은 삼성전기 지속가능경영에 귀한 자료로 활용될 예정입니다.,rec_cc9527d6450c8c18,"귀하의 소중한 의견은 삼성전기 지속가능경영에 귀한 자료로 활용될 예정입니다. 설문에 응해주셔서 감사합니다.
귀하의 소중한 의견은 삼성전기 지속가능경영에 귀한 자료로 활용될 예정입니다. 설문에 응해주셔서 감사합니다.
귀하의 소속정보를 선택하여 주시기 바랍니다. 고객 협력회사 주주 및 투자자 임직원 NGO/지역사회 언론기관 학계 기업체 전문기관(연구/평가) 기타
고객 협력회사 주주 및 투자자 임직원 NGO/지역사회 언론기관
고객
협력회사
주주 및 투자자
임직원
NGO/지역사회
언론기관
학계 기업체 전문기관(연구/평가) 기타
학계
기업체
전문기관(연구/평가)
기타
삼성전기의 지속가능성보고서를 어디에 활용하실 계획이십니까? 거래 기초자료 투자 정보 지속가능경영 평가 지속가능경영 일반현황파악 언론기관
거래 기초자료 ",ok,approve,,,ai_judge:approve conf=1.00; The answer is fully supported by the context without any hallucination.,Không thêm thông tin ngoài context; không suy đoán nếu thiếu số liệu
SV2-D-0068,레이시온,레이시온_dataset_package_20260608T055801,simple,easy,,삼성전기의 지속가능성보고서를 어디에 활용하실 계획이십니까?,"거래 기초자료, 투자 정보, 지속가능경영 평가, 지속가능경영 일반현황파악, 언론기관 확인",rec_067cebb1ea1b8256,"지속가능성보고서 다운로드 귀하의 소중한 의견은 삼성전기 지속가능경영에 귀한 자료로 활용될 예정입니다. 설문에 응해주셔서 감사합니다. 귀하의 소속정보를 선택하여 주시기 바랍니다. 고객 협력회사 주주
및 투자자 임직원 NGO/지역사회 언론기관 학계 기업체 전문기관(연구/평가) 기타 삼성전기의 지속가능성보고서를 어디에 활용하실 계획이십니까? 거래 기초자료 투자 정보 지속가능경영 평가 지속가능경영
일반현황파악 언론기관 확인 닫기",ok,approve,,,ai_judge:approve conf=1.00; The answer is fully supported by the context without any hallucination.,Không thêm thông tin ngoài context; không suy đoán nếu thiếu số liệu
SV2-D-0069,레이시온,레이시온_dataset_package_20260608T055801,simple,easy,,삼성전기의 대표 전화번호는 무엇인가요?,상기 내용에는 대표 전화번호가 포함되어 있지 않습니다.,rec_413a9165bfa43d5f,"- 위탁업체명, 대표 전화번호, 위탁업무에 대한 내용을 제공합니다.
※ 귀하께서는 귀하의 개인정보 수집·이용에 대한 동의를 거부하실 권리가 있으며, 동의를 거부하실 경우 뉴스레터를 받아보실 수 없습니다.​
상기 내용을 읽고 개인정보 수집 및 이용에 동의합니다. (광고성 정보 수신 동의를 포함하고 있습니다.)
동의합니다. 동의하지 않습니다.
동의합니다.
동의하지 않습니다.
삼성전기 뉴스레터 수신에 동의합니다. 동의합니다. 동의하지 않습니다.
삼성전기 뉴스레터 수신에 동의합니다.
삼성전기 뉴스레터 수신에 동의합니다.
동의합니다. 동의하지 않습니다.
동의합니다.
동의하지 않습니다.
만 14세 이상입니다.
뉴스레터 구독 신청
뉴스레터 구독 신청
윤리경영 보안신고 고객문의 방문신청 유튜브 블로그 페이스북 링크드인 개",ok,reject,,,"ai_judge:reject conf=0.00; The answer states that the phone number is not included, which is correct, but it does not directly address the question about 삼성전기. The context does not provide any information about 삼성전기, leading to confusion.",Confusing report years/editions or adding facts not in context
SV2-D-0070-E70,레이시온,레이시온_dataset_package_20260608T055801,multi_context,medium,,"삼성전기가 개인정보를 수집하는 목적은 무엇인지, 그리고 수집된 개인정보는 어떤 방식으로 이용되며, 수집 목적이 변경될 경우 어떻게 처리되는지 설명해 주세요.","삼성전기에서 발행하는 보고서 또는 뉴스를 전달하기 위해 메일정보를 수집하고 있으며, 수집된 개인정보는 정해진 목적 이외의 용도로는 이용되지 않으며 수집 목적이 변경될 경우 사전에 알리고 동의를 받을 예정입니다.",rec_627e2c79b2f33118,"1. 개인정보 수집 목적 삼성전기(이하 ""회사""라고 함)에서 발행하는 보고서 또는 뉴스를 전달하기 위해 메일정보를 수집하고 있으며, 
수집된 개인정보는 정해진 목적 이외의 용도로는 이용되지 않으며 수집 목적이 변경될 경우 사전에 알리고 동의를 받을 예정입니다.
삼성전기(이하 ""회사""라고 함)에서 발행하는 보고서 또는 뉴스를 전달하기 위해 메일정보를 수집하고 있으며, 
수집된 개인정보는 정해진 목적 이외의 용도로는 이용되지 않으며 수집 목적이 변경될 경우 사전에 알리고 동의를 받을 예정입니다.
2. 개인정보의 보유 및 이용기간 뉴스레터 수신거부 신청 시 귀하의 개인정보를 지체 없이 파기합니다. 
다른 법령에 따라 보존하여야 하는 경우에는 보유 및 이용기간이 경과한 개인정보를 파기하지 아니하고 보유할 수 있습니",ok,approve,,,ai_judge:approve conf=1.00; The answer is fully supported by the context provided.,Không thêm thông tin ngoài context; không suy đoán nếu thiếu số liệu
SV2-D-0071,레이시온,레이시온_dataset_package_20260608T055801,simple,easy,,삼성전기가 개인정보를 수집하는 목적은 무엇인가요?,삼성전기에서 발행하는 보고서 또는 뉴스를 전달하기 위해 메일정보를 수집하고 있습니다.,rec_8a26441215f1ce13,"개인정보 수집 및 이용에 동의합니다. 내용보기
개인정보 수집 및 이용에 동의합니다. 내용보기
개인정보 수집 및 이용에 동의합니다.
1. 개인정보 수집 목적 삼성전기(이하 ""회사""라고 함)에서 발행하는 보고서 또는 뉴스를 전달하기 위해 메일정보를 수집하고 있으며, 
수집된 개인정보는 정해진 목적 이외의 용도로는 이용되지 않으며 수집 목적이 변경될 경우 사전에 알리고 동의를 받을 예정입니다. 2. 개인정보의 보유 및 이용기간 뉴스레터 수신거부 신청 시 귀하의 개인정보를 지체 없이 파기합니다. 
다른 법령에 따라 보존하여야 하는 경우에는 보유 및 이용기간이 경과한 개인정보를 파기하지 아니하고 보유할 수 있습니다. 3. 수집하는 개인정보의 항목 항목 : 이메일 보유기간 : 뉴스레터 수신거부 신청 시까지 보유목적 :",ok,approve,,,ai_judge:approve conf=1.00; The answer is fully supported by the context provided.,Không thêm thông tin ngoài context; không suy đoán nếu thiếu số liệu
SV2-D-0072-E72,레이시온,레이시온_dataset_package_20260608T055801,multi_context,medium,,삼성전기의 뉴스레터를 구독하면 어떤 정보와 함께 개인정보가 어떻게 처리되는지에 대한 내용을 받을 수 있나요?,"삼성전기가 그려나가는 새로운 미래와 혁신의 순간을 모아 신속하게 전달해 드립니다. 또한, 개인정보는 뉴스레터를 전달하기 위해 수집되며, 수신거부 신청 시 지체 없이 파기됩니다.",rec_b139fe87645362df,"뉴스레터를 구독하고 삼성전기의 최신뉴스를 만나보세요. 삼성전기가 그려나가는 새로운 미래와 혁신의 순간을 모아 신속하게 전달해 드립니다.
삼성전기가 그려나가는 새로운 미래와 혁신의 순간을 모아 신속하게 전달해 드립니다.
개인정보 수집 및 이용에 동의합니다. 내용보기 1. 개인정보 수집 목적 삼성전기(이하 ""회사""라고 함)에서 발행하는 보고서 또는 뉴스를 전달하기 위해 메일정보를 수집하고 있으며, 
수집된 개인정보는 정해진 목적 이외의 용도로는 이용되지 않으며 수집 목적이 변경될 경우 사전에 알리고 동의를 받을 예정입니다. 2. 개인정보의 보유 및 이용기간 뉴스레터 수신거부 신청 시 귀하의 개인정보를 지체 없이 파기합니다. 
다른 법령에 따라 보존하여야 하는 경우에는 보유 및 이용기간이 경과한 개인정보를 파기하",ok,approve,,,ai_judge:approve conf=1.00; The answer is fully supported by the context provided.,Không thêm thông tin ngoài context; không suy đoán nếu thiếu số liệu
SV2-D-0074,레이시온,레이시온_dataset_package_20260608T055801,simple,easy,,삼성전기는 어떤 인증을 받았나요?,정보통신접근성 품질인증서를 발급받았습니다.,rec_9bbfcd3bedf0b3b5,"위 기업은 『가족친화 사회환경의 조성 촉진에 관한 법률』 제 15조 제 1항에 따라 우수한 가족친화경영 운영체제를 구축하고
가족친화제도를 운영함으로써 근로자의 일·생활 균형을 지원하고 국가경쟁력 향상에 기여하였기에 가족친화기업으로 인증합니다.
2024년 12월 01일
여성 가족부 장관(인)
제WAQC-250380호 정보통신접근성 품질인증서 인증유형: 웹 접근성 운영기관: 삼성전기(주) 사이트명: 삼성전기 사이트 주소: https://www.samsungsem.com 인증기간 2025.4.2 ~ 2026.4.1 「지능정보화 기본법」 제47조제1항 및 같은 법 시행규칙 제9조제5항에 따라 위와 같이 정보통신접근성 품질인증서를 발급합니다. 2025년 4월 2일 인증기관 대표, 웹와치주식회사 이범재 닫기
제WAQC",ok,reject,,,"ai_judge:reject conf=0.00; The answer incorrectly states that 삼성전기는 received the 정보통신접근성 품질인증서, while the context specifies that it was issued to 웹와치주식회사 for 삼성전기.",Confusing the issuer of the certification with the recipient.
SV2-D-0075,레이시온,레이시온_dataset_package_20260608T055801,simple,medium,,삼성전기가 아이디어나 제안을 수령하거나 검토하지 않는 이유는 무엇인가요?,"제출하신 내용이 당사 내부적으로 개발한 제품, 기술, 서비스와 유사할 경우 발생할 수 있는 오해와 분쟁을 방지하고 나아가 여러분의 창의적인 아이디어를 적극 보호하기 위함입니다.",rec_922911292cdaf319,"아이디어 제안에 대한 정책 삼성전기 및 삼성전기 임직원은 당사가 공식적으로 요청하지 않았음에도 불구하고 여러분께서 일방적으로 당사에 제출하는 아이디어나 제안 등을 수령하거나 검토하지 않습니다. 이는 제출하신 내용이 당사 내부적으로 개발한 제품, 기술, 서비스와 유사할 경우 발생할 수 있는 오해와 분쟁을 방지하고 나아가 여러분의 창의적인 아이디어를 적극 보호하기 위함입니다. 이러한 취지를 이해하여 주시고 구체화되지 않은 아이디어나 콘셉트(Concept) 단계의 제안이 당사에 제출되지 않도록 하여 주시기 바랍니다. 닫기
삼성전기 및 삼성전기 임직원은 당사가 공식적으로 요청하지 않았음에도 불구하고 여러분께서 일방적으로 당사에 제출하는 아이디어나 제안 등을 수령하거나 검토하지 않습니다. 이는 제출하신 내용이 당사 ",ok,approve,,,ai_judge:approve conf=1.00; The answer is fully supported by the context provided.,Không thêm thông tin ngoài context; không suy đoán nếu thiếu số liệu
SV2-D-0076-E76,레이시온,레이시온_dataset_package_20260608T055801,multi_context,medium,,삼성전기의 지속가능경영보고서에서 보고된 2023 회계연도의 시작일과 종료일은 언제인가요?,2023 회계연도(2023.01.01~2023.12.31),rec_0d8776ad16246d23,"(보고기간 2023.1.1~2023.12.31)
삼성전기 2023-2024 지속가능경영보고서에는 삼성전기의 경영전략 방향성에 대한 CEO Message가 수록되어 있으며, 삼성전기의 지속가능경영 전략과 가치 창출 방법에 대해 설명하고 있습니다. 중요 이슈는 '중대 이슈 Highlights'에서 보고하였으며, Sustainable Planet, Sustainable People, Sustainable Progress 3가지 섹션에서 삼성전기의 지속가능경영 성과를 효과적으로 보고하였습니다. 본 보고서의 보고기간은 2023 회계연도(2023.01.01~2023.12.31)이며, 일부 주요 활동에 대해서는 2023년 이전 및 2024년 상반기 내용도 포함하고 있습니다. 정량적 성과는 변화 추이를 나타내기 위해 5개",ok,approve,,,ai_judge:approve conf=1.00; The answer is fully supported by the context provided.,Không thêm thông tin ngoài context; không suy đoán nếu thiếu số liệu
SV2-D-0077,레이시온,레이시온_dataset_package_20260608T055801,simple,easy,,삼성전기의 지속가능경영보고서의 보고기간은 언제인가요?,2023 회계연도(2023.01.01~2023.12.31),rec_4b559d696d60cfb5,"홈 기업정보 ESG 지속가능경영보고서
홈 기업정보 ESG 지속가능경영보고서
홈
기업정보
ESG
지속가능경영보고서
2023-2024 삼성전기 지속가능경영보고서 (보고기간 2023.1.1~2023.12.31) 삼성전기 2023-2024 지속가능경영보고서에는 삼성전기의 경영전략 방향성에 대한 CEO Message가 수록되어 있으며, 삼성전기의 지속가능경영 전략과 가치 창출 방법에 대해 설명하고 있습니다. 중요 이슈는 '중대 이슈 Highlights'에서 보고하였으며, Sustainable Planet, Sustainable People, Sustainable Progress 3가지 섹션에서 삼성전기의 지속가능경영 성과를 효과적으로 보고하였습니다. 본 보고서의 보고기간은 2023 회계연도(2023.01.01~202",ok,approve,,,ai_judge:approve conf=1.00; The answer is fully supported by the context provided.,Không thêm thông tin ngoài context; không suy đoán nếu thiếu số liệu
SV2-D-0079,레이시온,레이시온_dataset_package_20260608T055801,simple,easy,,삼성전기의 미션 및 비전은 무엇인가요?,미션 및 비전은 기업 소개에서 확인할 수 있습니다.,rec_f01d9d8821508b9b,기업정보 기업 소개 삼성전기 소개 CEO 인사말 미션 및 비전 사업장 소개 연혁 및 수상실적 IR 실적발표 주주총회 주주현황 주가정보 재무정보 기업지배구조 IR자료실 전자공고 온라인 홍보관 지속가능경영 Sustainability Planet 환경전략 기후변화 환경영향 제품환경 People 임직원 사회공헌 공급망 Progress 윤리경영 준법경영 Library 인재채용 채용정보 직무 소개 채용프로세스 채용 Tips 회사생활 복리후생 인재육성 채용문의 채용 FAQ 문의하기 삼성 통합 인재채용 뉴스룸 뉴스 메인 최신 기사 뉴스레터 뉴스레터 보기 뉴스레터 신청 제품정보 컴포넌트 MLCC Inductor Chip Resistor Tantalum Silicon Capacitor 모듈 Camera Module 패키지기판,ok,reject,,,ai_judge:reject conf=0.00; The answer is too vague and does not provide specific information about the mission and vision of 삼성전기.,"The answer must provide specific details about the mission and vision, which are not present in the context."
SV2-D-0080,레이시온,레이시온_dataset_package_20260608T055801,simple,easy,,삼성전기의 미션 및 비전은 무엇인가요?,미션 및 비전은 본문에 명시되어 있지 않습니다.,rec_40f989751d9d0053,"본문 바로가기 대메뉴 바로가기
SAMSUNG ELECTRO-MECHANICS 기업정보 기업 소개 삼성전기 소개 CEO 인사말 미션 및 비전 사업장 소개 연혁 및 수상실적 IR 실적발표 주주총회 주주현황 주가정보 재무정보 기업지배구조 IR자료실 전자공고 온라인 홍보관 지속가능경영 Sustainability Planet 환경전략 기후변화 환경영향 제품환경 People 임직원 사회공헌 공급망 Progress 윤리경영 준법경영 Library 인재채용 채용정보 직무 소개 채용프로세스 채용 Tips 회사생활 복리후생 인재육성 채용문의 채용 FAQ 문의하기 삼성 통합 인재채용 뉴스룸 뉴스 메인 최신 기사 뉴스레터 뉴스레터 보기 뉴스레터 신청 제품정보 컴포넌트 MLCC Inductor Chip Resistor Tantal",ok,reject,,,"ai_judge:reject conf=0.00; The answer incorrectly states that the mission and vision are not mentioned, while the context suggests they should be included in the company information.",Adding facts not in context
SV2-D-0082-E82,무신사,무신사_dataset_package_20260608T092823,multi_context,medium,,"무신사의 주요사항보고서는 어떤 날짜에 접수되었으며, 접수번호는 무엇인가요?","20260605, 20260605000598",rec_178e8f363d6da94a,"DART disclosure snapshot
corp_code: 01137727
corp_name: 무신사
stock_code: 
corp_cls: E
report_nm: 주요사항보고서(자기주식처분결정)
rcept_no: 20260605000598
flr_nm: 무신사
rcept_dt: 20260605
rm:",ok,approve,,,ai_judge:approve conf=1.00; The answer is fully supported by the context provided.,Không thêm thông tin ngoài context; không suy đoán nếu thiếu số liệu
SV2-D-0083,무신사,무신사_dataset_package_20260608T092823,simple,easy,,2025 무신사 임팩트 리포트는 언제 작성되었나요?,2025-12-10,rec_93859ee4d0b90c4b,"회원기업
회원기업
지역ERT
지역ERT
영상자료
영상자료
지속가능경영보고서
지속가능경영보고서
ERT 사무국 활동 ERT 뉴스레터 보도자료 ERT 카드뉴스 행사·이벤트
ERT 사무국 활동
ERT 뉴스레터
ERT 뉴스레터
보도자료
보도자료
ERT 카드뉴스
ERT 카드뉴스
행사·이벤트
행사·이벤트
ERT Daily News
ERT Daily News
이달의 ERT
이달의 ERT
한국어 한국어 English
한국어 한국어 English
한국어
한국어
한국어
English
English
닫기
2026 지속가능경영보고서 [지속가능보고서] 2025 무신사 임팩트 리포트 2025-12-10 2025 무신사 임팩트 리포트.pdf 69180KB 작성 LG헬로비전 지속가능경영보고서 2024-2025 코스맥스 2024 지속가능경",ok,approve,,,ai_judge:approve conf=1.00; The answer is fully supported by the context provided.,Không thêm thông tin ngoài context; không suy đoán nếu thiếu số liệu
SV2-D-0084-E84,무신사,무신사_dataset_package_20260608T092823,multi_context,medium,,무신사의 2025 임팩트 리포트가 공시된 날짜는 무엇인가요? 그리고 이 리포트의 파일 크기는 얼마인가요?,"2026-02-11, 68.1 MB",rec_dc18be3272f4012f,"2025 무신사 임팩트 리포트 공시기업명 : 무신사 관리자 0 48 0 0 Print 상태:
노출 글주소 02-11 2025_무신사_임팩트_리포트.pdf(68.1 MB) 02-11 10:45 78 https://share.google/eba4b07yLyYwxJQBS 43 2025 무신사 임팩트 리포트 0 0 스크랩 신고 목록 답변 이전글 다음글 글쓰기 ESG 보고서 정렬하기 날짜(내림차순) 날짜(오름차순) 조회수(내림차순) 조회수(오름차순) 제목+내용 제목 내용 회원명 회원아이디 번호 제목 글쓴이 날짜 조회수 232 2025 삼성전자 지속가능경영보고서 관리자 2026-02-11 388 231 2024 신세계 ESG 보고서 관리자 2026-02-11 156 230 2024 CJ제일제당 지속가능경영보고서 관리자",ok,approve,,,ai_judge:approve conf=1.00; The answer is fully supported by the context provided.,Không thêm thông tin ngoài context; không suy đoán nếu thiếu số liệu
SV2-D-0085,무신사,무신사_dataset_package_20260608T092823,simple,easy,,무신사의 임팩트 리포트는 언제 공시되었나요?,2025년 2월 11일에 공시되었습니다.,rec_e629a394a7ccc338,"2025 무신사 임팩트 리포트 공시기업명 : 무신사 관리자 0 48 0 0 Print 상태:
노출 글주소 02-11 2025_무신사_임팩트_리포트.pdf(68.1 MB) 02-11 10:45 78 https://share.google/eba4b07yLyYwxJQBS 43 2025 무신사 임팩트 리포트 0 0 스크랩 신고 목록 답변 이전글 다음글 글쓰기 ESG 보고서 정렬하기 날짜(내림차순) 날짜(오름차순) 조회수(내림차순) 조회수(오름차순) 제목+내용 제목 내용 회원명 회원아이디 번호 제목 글쓴이 날짜 조회수 232 2025 삼성전자 지속가능경영보고서 관리자 2026-02-11 388 231 2024 신세계 ESG 보고서 관리자 2026-02-11 156 230 2024 CJ제일제당 지속가능경영보고서 관리자",ok,approve,,,ai_judge:approve conf=1.00; The answer is fully supported by the context provided.,Không thêm thông tin ngoài context; không suy đoán nếu thiếu số liệu
SV2-D-0087-E87,무신사,무신사_dataset_package_20260608T092823,reasoning,medium,,무신사의 임팩트 리포트가 작성된 날짜는 어떤 정보를 바탕으로 알 수 있나요?,2025-12-10,rec_3ee4b3161961b0cd,"[지속가능보고서]
2025-12-10
2025-12-10
2025-12-10
2025-12-10
2025 무신사 임팩트 리포트.pdf 69180KB 작성 LG헬로비전 지속가능경영보고서 2024-2025 코스맥스 2024 지속가능경영보고서 목록 글쓰기
2025 무신사 임팩트 리포트.pdf 69180KB
2025 무신사 임팩트 리포트.pdf 69180KB
2025 무신사 임팩트 리포트.pdf 69180KB
2025 무신사 임팩트 리포트.pdf
작성
작성
작성
작성
LG헬로비전 지속가능경영보고서 2024-2025 코스맥스 2024 지속가능경영보고서 목록 글쓰기
LG헬로비전 지속가능경영보고서 2024-2025 코스맥스 2024 지속가능경영보고서
LG헬로비전 지속가능경영보고서 2024-2025
코스맥스 2024 지속",ok,approve,,,ai_judge:approve conf=1.00; The answer is directly supported by the context provided.,Không thêm thông tin ngoài context; không suy đoán nếu thiếu số liệu
SV2-D-0088,무신사,무신사_dataset_package_20260608T092823,simple,easy,,무신사의 임팩트 리포트는 언제 발표되었나요?,2025 무신사 임팩트 리포트,rec_ee1596734ad3d6bc,"공시기업명 : 무신사
관리자
0
48
0
0
0
0
Print
Print
상태:
노출
글주소
글주소
02-11
2025_무신사_임팩트_리포트.pdf(68.1 MB) 02-11 10:45 78 https://share.google/eba4b07yLyYwxJQBS 43
02-11 10:45
78
43
2025 무신사 임팩트 리포트
2025 무신사 임팩트 리포트
2025 무신사 임팩트 리포트
2025 무신사 임팩트 리포트
0 0
0
0
스크랩 신고
목록 답변 이전글 다음글 글쓰기
목록 답변 이전글 다음글
글쓰기
ESG 보고서 정렬하기 날짜(내림차순) 날짜(오름차순) 조회수(내림차순) 조회수(오름차순) 제목+내용 제목 내용 회원명 회원아이디 번호 제목 글쓴이 날짜 조회수 232 2025 삼성전자 지속가능경영보고서 ",ok,approve,,,ai_judge:approve conf=1.00; The answer is directly supported by the context provided.,Không thêm thông tin ngoài context; không suy đoán nếu thiếu số liệu
SV2-D-0089,무신사,무신사_dataset_package_20260608T092823,simple,easy,,무신사의 ESG 임팩트 리포트는 언제 발행되었나요?,2024. 08,rec_660f7d466f6a678a,"PROJECT 무신사 임팩트 리포트 Date 2024. 08 Area ESG보고서 Client 무신사 무신사 ESG 임팩트 리포트 Tag ESG, 보고서, 지속가능경영보고서, 임팩트 리포트",ok,approve,,,ai_judge:approve conf=1.00; The answer is fully supported by the context provided.,Không thêm thông tin ngoài context; không suy đoán nếu thiếu số liệu
SV2-D-0090-E90,무신사,무신사_dataset_package_20260608T092823,multi_context,medium,,무신사의 지속가능경영보고서를 확인할 수 있는 방법은 무엇인가요? 그리고 이 보고서는 어디에서 찾을 수 있나요?,기업 ESG 조회에서 확인할 수 있습니다.,rec_cd469b0fcf513be5,ENG ESG 소개 ESG 개념 ESG 중요성 ESG 경영/정보공개 ESG 기업정보 기업 ESG 조회 지속가능경영보고서 기업지배구조보고서 ESG 평가 ESG 통계 국내 ESG현황 ESG 펀드 ESG 채권현황 ESG 지수/증권상품 자료실 ESG 최신동향/기준 참고사이트 ESG 강의실 FAQ FAQ ESG 소개 ESG 기업정보 ESG 통계 자료실 FAQ ENGLISH ENG ESG 개념 ESG 중요성 ESG 경영/정보공개 기업 ESG 조회 지속가능경영보고서 기업지배구조보고서 ESG 평가 국내 ESG현황 ESG 펀드 ESG 채권현황 ESG 지수/증권상품 ESG 최신동향/기준 참고사이트 ESG 강의실 FAQ 자료실 ESG 소개 ESG 기업정보 ESG 통계 자료실 FAQ ESG 소개 ESG 기업정보 ESG 통계 자료,ok,approve,,,ai_judge:approve conf=1.00; The answer is fully supported by the context provided.,Không thêm thông tin ngoài context; không suy đoán nếu thiếu số liệu
SV2-D-0091,무신사,무신사_dataset_package_20260608T092823,simple,easy,,무신사는 어떤 ESG 리포트를 발간했나요?,'2024 무신사 임팩트 리포트'를 발간했습니다.,rec_753b38dd437e46d0,"전성훈 기자 구독 구독중
전성훈 기자 구독 구독중
이전
다음
(서울=연합뉴스) 전성훈 기자 = 무신사는 지난해 ESG(환경·사회·지배구조) 경영 성과를 담은 '2024 무신사 임팩트 리포트'를 발간했다고 19일 밝혔다.
무신사가 임직원 외에 외부 이해관계자를 대상으로 발간한 첫 ESG 리포트다.
환경 부문은 온실가스 관리 체계 수립을 포함한 기후 변화 대응 활동, 자원 순환을 통해 환경 영향을 최소화하기 위한 노력, 친환경 오피스 구축, 고객과 임직원이 참여하는 친환경 소통 활동에 중점을 뒀다.
사회 부문은 파트너, 고객, 지역사회, 임직원 등 다양한 이해관계자를 중심으로 전개한 활동 성과를 담았고 지배구조 부문은 이사회의 독립적인 운영을 비롯한 기업 윤리 및 준법 경영 성과를 수록했다.
보고서 전문은 무신",ok,approve,,,ai_judge:approve conf=1.00; The answer is fully supported by the context provided.,Không thêm thông tin ngoài context; không suy đoán nếu thiếu số liệu
SV2-D-0092-E92,무신사,무신사_dataset_package_20260608T092823,multi_context,medium,,무신사가 발간한 2024 무신사 임팩트 리포트에는 어떤 내용이 포함되어 있나요?,"2024 무신사 임팩트 리포트는 ESG 경영 성과를 담고 있으며, 환경 부문은 온실가스 관리 체계, 자원 순환, 친환경 오피스 구축, 친환경 소통 활동에 중점을 두고 있고, 사회 부문은 다양한 이해관계자를 중심으로 한 활동 성과를 포함하며, 지배구조 부문은 이사회의 독립적인 운영 및 기업 윤리와 준법 경영 성과를 수록하고 있습니다.",rec_609ec5bf54523097,"전성훈 기자 구독 구독중 이전 다음 (서울=연합뉴스) 전성훈 기자 = 무신사는 지난해 ESG(환경·사회·지배구조) 경영 성과를 담은 '2024 무신사 임팩트 리포트'를 발간했다고 19일 밝혔다.
무신사가 임직원 외에 외부 이해관계자를 대상으로 발간한 첫 ESG 리포트다. 환경 부문은 온실가스 관리 체계 수립을 포함한 기후 변화 대응 활동, 자원 순환을 통해 환경 영향을 최소화하기 위한
노력, 친환경 오피스 구축, 고객과 임직원이 참여하는 친환경 소통 활동에 중점을 뒀다. 사회 부문은 파트너, 고객, 지역사회, 임직원 등 다양한 이해관계자를 중심으로 전개한 활동 성과를 담았고
지배구조 부문은 이사회의 독립적인 운영을 비롯한 기업 윤리 및 준법 경영 성과를 수록했다. 보고서 전문은 무신사 뉴스룸(newsroom",ok,approve,,,ai_judge:approve conf=1.00; The answer is fully supported by the context provided.,Không thêm thông tin ngoài context; không suy đoán nếu thiếu số liệu
SV2-D-0093,무신사,무신사_dataset_package_20260608T092823,simple,easy,,무신사는 어떤 ESG 리포트를 발간했나요?,'2024 무신사 임팩트 리포트'를 발간했습니다.,rec_cd9b913a55b40918,"광고 광고
광고
광고
전성훈 기자 구독 구독중 이전 다음 (서울=연합뉴스) 전성훈 기자 = 무신사는 지난해 ESG(환경·사회·지배구조) 경영 성과를 담은 '2024 무신사 임팩트 리포트'를 발간했다고 19일 밝혔다. 무신사가 임직원 외에 외부 이해관계자를 대상으로 발간한 첫 ESG 리포트다. 환경 부문은 온실가스 관리 체계 수립을 포함한 기후 변화 대응 활동, 자원 순환을 통해 환경 영향을 최소화하기 위한 노력, 친환경 오피스 구축, 고객과 임직원이 참여하는 친환경 소통 활동에 중점을 뒀다. 사회 부문은 파트너, 고객, 지역사회, 임직원 등 다양한 이해관계자를 중심으로 전개한 활동 성과를 담았고 지배구조 부문은 이사회의 독립적인 운영을 비롯한 기업 윤리 및 준법 경영 성과를 수록했다. 보고서 전문은 무신사 ",ok,approve,,,ai_judge:approve conf=1.00; The answer is fully supported by the context provided.,Không thêm thông tin ngoài context; không suy đoán nếu thiếu số liệu
SV2-D-0095-E95,무신사,무신사_dataset_package_20260608T092823,reasoning,hard,,"무신사가 발간한 '2024 무신사 임팩트 리포트'는 어떤 주요 내용을 포함하고 있으며, 이 리포트가 외부 이해관계자를 대상으로 발간된 이유는 무엇인가요?","'2024 무신사 임팩트 리포트'는 환경, 사회, 지배구조 부문에서의 성과를 담고 있으며, 외부 이해관계자를 대상으로 발간된 이유는 다양한 이해관계자와의 소통과 투명성을 높이기 위함입니다.",rec_fdca0e685d50348d,"전성훈 기자 구독 구독중 이전 다음 (서울=연합뉴스) 전성훈 기자 = 무신사는 지난해 ESG(환경·사회·지배구조) 경영 성과를 담은 '2024 무신사 임팩트 리포트'를 발간했다고 19일 밝혔다. 무신사가 임직원 외에 외부 이해관계자를 대상으로 발간한 첫 ESG 리포트다. 환경 부문은 온실가스 관리 체계 수립을 포함한 기후 변화 대응 활동, 자원 순환을 통해 환경 영향을 최소화하기 위한 노력, 친환경 오피스 구축, 고객과 임직원이 참여하는 친환경 소통 활동에 중점을 뒀다. 사회 부문은 파트너, 고객, 지역사회, 임직원 등 다양한 이해관계자를 중심으로 전개한 활동 성과를 담았고 지배구조 부문은 이사회의 독립적인 운영을 비롯한 기업 윤리 및 준법 경영 성과를 수록했다. 보고서 전문은 무신사 뉴스룸(newsroom",ok,approve,,,ai_judge:approve conf=1.00; The answer is fully supported by the context provided.,Không thêm thông tin ngoài context; không suy đoán nếu thiếu số liệu
SV2-D-0096,무신사,무신사_dataset_package_20260608T092823,simple,easy,,무신사는 어떤 ESG 리포트를 발간했나요?,'2024 무신사 임팩트 리포트'를 발간했습니다.,rec_7748ddc57e628c8e,"연합뉴스 본문 바로가기 메뉴 바로가기
광고 새로운 연합뉴스를 만나세요 회원이 되시면 뉴스가 특별해 집니다. 닫기 마이페이지 검색창 열기 메뉴 열기 무신사, 지난해 ESG 경영 성과 담은 리포트 발간 북마크 공유 댓글 글자크기 프린트 제보 마이페이지 검색창 열기 메뉴 열기 광고 광고 전성훈 기자 구독 구독중 이전 다음 (서울=연합뉴스) 전성훈 기자 = 무신사는 지난해 ESG(환경·사회·지배구조) 경영 성과를 담은 '2024 무신사 임팩트 리포트'를 발간했다고 19일 밝혔다. 무신사가 임직원 외에 외부 이해관계자를 대상으로 발간한 첫 ESG 리포트다. 환경 부문은 온실가스 관리 체계 수립을 포함한 기후 변화 대응 활동, 자원 순환을 통해 환경 영향을 최소화하기 위한 노력, 친환경 오피스 구축, 고객과 임직원이 ",ok,approve,,,ai_judge:approve conf=1.00; The answer is fully supported by the context provided.,Không thêm thông tin ngoài context; không suy đoán nếu thiếu số liệu
SV2-D-0101-E101,무신사,무신사_dataset_package_20260608T092823,reasoning,medium,,무신사가 사업보고서를 제출한 날짜는 IPO 준비의 어떤 의미를 갖고 있나요?,지난달 31일 창사 이래 처음으로 사업보고서를 전자공시시스템(DART)에 제출했다.,rec_c4ad0f54664dbf3c,"최규리 기자
최규리 기자
[ⓒ무신사] [디지털데일리 최규리기자] 무신사가 본격적인 기업공개(IPO) 채비에 나섰다. 지난달 31일 창사 이래 처음으로 사업보고서를 전자공시시스템(DART)에 제출한 데 이어, 지난해 어닝 서프라이즈 수준의 실적 반등까지 이뤄내면서 IPO 가능성에 무게가 실리고 있다. 업계에서는 이 같은 행보를 두고 무신사가 본격 상장 준비에 돌입했다는 신호로 본다. 특히 비상장사인 무신사는 외부 감사보고서 제출만으로도 공시 의무를 충족할 수 있음에도, 자발적으로 사업보고서를 공시해 상장사 수준의 정보공개 체계를 점검해 눈길을 끌고 있다. 사업보고서에는 경영진 구성, 계열회사 현황 등 IPO 심사 시 활용되는 주요 항목이 포함돼 있어 내부 통제 시스템과 공시 역량을 사전 검증받으려는 의도로 풀",ok,approve,,,ai_judge:approve conf=1.00; The answer is fully supported by the context provided.,Không thêm thông tin ngoài context; không suy đoán nếu thiếu số liệu
SV2-D-0104,무신사,무신사_dataset_package_20260608T092823,simple,easy,,무신사의 1분기 매출은 얼마였나요?,2929억원입니다.,rec_7f0bb9cde5507746,"16일 성수에서 열린 무신사 뷰티 페스타 외관. 사진=허서우 기자
패션 플랫폼 무신사가 IPO(기업공개) 준비에 속도를 내고 있다. 분기 실적을 처음으로 공개하며 경영 투명성 강화를 선언한 가운데 신사업 확대와 자회사 실적 개선이 기업가치 제고의 관건으로 떠오르고 있다.
28일 전자공시시스템에 따르면 무신사의 올해 1분기 매출은 2929억원으로 전년 동기 대비 12.6% 증가했다. 영업이익은 24% 늘어난 176억원이다. 같은 기간 당기순이익은 104%나 급증한 157억원을 기록했다.
소비 침체로 패션업계 전반이 어려움을 겪고 있음에도 무신사는 뷰티, 스포츠, 라이프스타일 등 다양한 카테고리에서 안정적인 사업 기반을 다지며 견조한 실적을 유지했다.
1분기 호실적에도 불구하고 내부 기대치에 달성하지 못하면서 ",ok,approve,,,ai_judge:approve conf=1.00; The answer is fully supported by the context provided.,Không thêm thông tin ngoài context; không suy đoán nếu thiếu số liệu
SV2-D-0105-E105,무신사,무신사_dataset_package_20260608T092823,reasoning,medium,,"무신사가 산불 피해 이재민에게 기부한 의류의 가치는 무엇을 나타내며, 이 기부가 무신사의 사회적 책임에 어떤 의미를 가질까요?",2억5000만원 상당 의류 기부,rec_0f148d12e3f024bc,"'혼용률' 논란에 칼 빼든 무신사, 100일간 7968개 검수 완료
'혼용률' 논란에 칼 빼든 무신사, 100일간 7968개 검수 완료
""기부도 남다르게""…무신사, 산불 피해 이재민에 2억5000만원 상당 의류 기부
""기부도 남다르게""…무신사, 산불 피해 이재민에 2억5000만원 상당 의류 기부
무신사, 지난해 연매출 1조원 돌파…영업익 1028억 흑자 전환
무신사, 지난해 연매출 1조원 돌파…영업익 1028억 흑자 전환
무신사, 첫 사외이사 선임…이사회 독립성·투명성 강화
무신사, 첫 사외이사 선임…이사회 독립성·투명성 강화
당신이 좋아할 만한 뉴스 요기요, 앱 UI·UX 전면 개편…원하는 메뉴·혜택 더 쉽게 찾는다 “먹튀 폐업 막는다”…산후조리원 폐·휴업 30일 전 안내 의무화 고객 잡는 '간편결제'…신",ok,approve,,,ai_judge:approve conf=1.00; The answer is directly supported by the context provided.,Không thêm thông tin ngoài context; không suy đoán nếu thiếu số liệu
SV2-D-0106,무신사,무신사_dataset_package_20260608T092823,simple,easy,,무신사가 지난해에 달성한 매출액은 얼마인가요?,1조 원을 돌파했습니다.,rec_d8f7ef98d1c1f838,"이전 기사보기 다음 기사보기 사상 첫 매출 1조 돌파 무신사, 상장 준비 나서나 바로가기 복사하기 본문 글씨 줄이기 본문 글씨 키우기 스크롤 이동 상태바
이전 기사보기
다음 기사보기
사상 첫 매출 1조 돌파 무신사, 상장 준비 나서나 바로가기 복사하기 본문 글씨 줄이기 본문 글씨 키우기
사상 첫 매출 1조 돌파 무신사, 상장 준비 나서나
사상 첫 매출 1조 돌파 무신사, 상장 준비 나서나
바로가기 복사하기 본문 글씨 줄이기 본문 글씨 키우기
바로가기 복사하기 본문 글씨 줄이기 본문 글씨 키우기
바로가기
복사하기
본문 글씨 줄이기
본문 글씨 키우기
스크롤 이동 상태바
스크롤 이동 상태바
스크롤 이동 상태바
SNS 기사보내기 페이스북(으)로 기사보내기 트위터(으)로 기사보내기 URL복사(으)로 기사보내기 이메일",ok,approve,,,ai_judge:approve conf=1.00; The answer is fully supported by the context provided.,Không thêm thông tin ngoài context; không suy đoán nếu thiếu số liệu
SV2-D-0108,무신사,무신사_dataset_package_20260608T092823,simple,easy,,무신사의 지난해 매출은 얼마였나요?,1조2천427억원입니다.,rec_958df5668f58d207,"IPO 추진 무신사, 성장성·투명성 다 잡는다 ""오경석 팬코 대표 감사 역량 통해 투명성 제고"" 유통 입력 :2025/05/01 08:52    수정: 2025/05/01 09:27 백봉삼 기자
기자 페이지 구독 기자의 다른기사 보기 최근 여러 패션 플랫폼 기업들이 어려움을 겪는 가운데, 무신사는 지난해 사업보고서를 통해 두자릿 수 매출 성장 기록을 공개해 주목 받았 다. 나아가
기업공개(IPO)를 추진 중인 무신사는 기업의 투명성을 높여 더 건강한 성장을 이룬다는 계획이다. 무신사는 지난해 매출 1조2천427억원, 영업이익 1천28억원의 실적을 기록했다. 전년 대비 매출은
25.1% 증가했으며, 무신사 본사 별도 기준의 매출도 24.6% 증가해 1조원을 넘겼다. 2018년 1천73억원 매출과 비교하면 5년",ok,approve,,,ai_judge:approve conf=1.00; The answer is fully supported by the context provided.,Không thêm thông tin ngoài context; không suy đoán nếu thiếu số liệu
SV2-D-0109,무신사,무신사_dataset_package_20260608T092823,simple,easy,,무신사의 지난해 매출은 얼마였나요?,무신사의 지난해 매출은 1조2천427억원입니다.,rec_162a042377c802dd,"""오경석 팬코 대표 감사 역량 통해 투명성 제고""
유통 입력 :2025/05/01 08:52    수정: 2025/05/01 09:27
입력 :2025/05/01 08:52    수정: 2025/05/01 09:27
백봉삼 기자 기자 페이지 구독 기자의 다른기사 보기
백봉삼 기자 기자 페이지 구독 기자의 다른기사 보기
백봉삼 기자 기자 페이지 구독 기자의 다른기사 보기
최근 여러 패션 플랫폼 기업들이 어려움을 겪는 가운데, 무신사는 지난해 사업보고서를 통해 두자릿 수 매출 성장 기록을 공개해 주목 받았 다. 나아가 기업공개(IPO)를 추진 중인 무신사는 기업의 투명성을 높여 더 건강한 성장을 이룬다는 계획이다. 무신사는 지난해 매출 1조2천427억원, 영업이익 1천28억원의 실적을 기록했다. 전년 대비 매출",ok,approve,,,ai_judge:approve conf=1.00; The answer is fully supported by the context provided.,Không thêm thông tin ngoài context; không suy đoán nếu thiếu số liệu
SV2-D-0110-E110,무신사,무신사_dataset_package_20260608T092823,multi_context,medium,,"무신사가 지난해 매출을 기록하면서 어떤 성장을 이루었고, 그 매출은 얼마였나요?",1조2천427억원입니다.,rec_2fb8c1b23c004a41,"최근 여러 패션 플랫폼 기업들이 어려움을 겪는 가운데, 무신사는 지난해 사업보고서를 통해 두자릿 수 매출 성장 기록을 공개해 주목 받았 다. 나아가 기업공개(IPO)를 추진 중인 무신사는 기업의 투명성을 높여 더 건강한 성장을 이룬다는 계획이다. 무신사는 지난해 매출 1조2천427억원, 영업이익 1천28억원의 실적을 기록했다. 전년 대비 매출은 25.1% 증가했으며, 무신사 본사 별도 기준의 매출도 24.6% 증가해 1조원을 넘겼다. 2018년 1천73억원 매출과 비교하면 5년만에 10배 가량 매출이 상승한 셈이다. 무신사는 우수한 실적과 더불어, K 브랜드 수출의 다음으로 거론되는 K패션의 글로벌 진출의 가시적 성과도 만들기 시작했다. 올해 1분기(1~3월) 글로벌 스토어의 일본 거래액을 분석한 결과, 전",ok,approve,,,ai_judge:approve conf=1.00; The answer is fully supported by the context provided.,Không thêm thông tin ngoài context; không suy đoán nếu thiếu số liệu
SV2-D-0111,무신사,무신사_dataset_package_20260608T092823,simple,easy,,무신사의 지난해 매출은 얼마였나요?,1조2천427억원,rec_fc6f03dff781d137,"최근 여러 패션 플랫폼 기업들이
어려움을 겪는 가운데, 무신사는 지난해 사업보고서를 통해
두자릿
수
매출 성장
기록을
공개해
주목 받았
다. 나아가 기업공개(IPO)를 추진 중인 무신사는 기업의 투명성을 높여 더 건강한 성장을 이룬다는 계획이다.
무신사는 지난해 매출 1조2천427억원, 영업이익 1천28억원의 실적을 기록했다. 전년 대비 매출은 25.1% 증가했으며, 무신사 본사 별도 기준의 매출도 24.6% 증가해 1조원을 넘겼다. 2018년 1천73억원 매출과 비교하면 5년만에 10배 가량 매출이 상승한 셈이다.
무신사는 우수한 실적과 더불어, K 브랜드 수출의 다음으로 거론되는 K패션의 글로벌 진출의 가시적 성과도 만들기 시작했다. 올해 1분기(1~3월) 글로벌 스토어의 일본 거래액을 분석한 결과, 전",ok,approve,,,ai_judge:approve conf=1.00; The answer is fully supported by the context provided.,Không thêm thông tin ngoài context; không suy đoán nếu thiếu số liệu
SV2-D-0112,무신사,무신사_dataset_package_20260608T092823,simple,easy,,무신사의 지난해 영업이익은 얼마였나요?,1405억원입니다.,rec_5b8a9a2132404a3e,"이전 기사보기 다음 기사보기 무신사, 지난해 영업이익 1405억원…전년比 36.7%↑ 바로가기 복사하기 본문 글씨 줄이기 본문 글씨 키우기 스크롤 이동 상태바 SNS 기사보내기 페이스북(으)로
기사보내기 트위터(으)로 기사보내기 카카오스토리(으)로 기사보내기 URL복사(으)로 기사보내기 이메일(으)로 기사보내기 다른 공유 찾기 기사스크랩하기 이 기사를 공유합니다 페이스북(으)로 기사보내기
트위터(으)로 기사보내기 카카오스토리(으)로 기사보내기 URL복사(으)로 기사보내기 닫기 매출액 18% 증가한 1조4679억원 사진/무신사 무신사의 지난해 매출과 영업이익이 모두 두자릿수 성장했다.
지난해 공격적으로 외형 확장에 나선 가운데 수익성 측면에서도 뚜렷한 성과를 냈다. 무신사는 31일 사업보고서를 통해 2025년",ok,approve,,,ai_judge:approve conf=1.00; The answer is directly supported by the context provided.,Không thêm thông tin ngoài context; không suy đoán nếu thiếu số liệu
SV2-D-0113,무신사,무신사_dataset_package_20260608T092823,simple,easy,,무신사의 지난해 영업이익은 얼마였나요?,1405억원입니다.,rec_0153d182f9eb093a,"본문영역 이전 기사보기 다음 기사보기 무신사, 지난해 영업이익 1405억원…전년比 36.7%↑ 바로가기 복사하기 본문 글씨 줄이기 본문 글씨 키우기 스크롤 이동 상태바 SNS 기사보내기
페이스북(으)로 기사보내기 트위터(으)로 기사보내기 카카오스토리(으)로 기사보내기 URL복사(으)로 기사보내기 이메일(으)로 기사보내기 다른 공유 찾기 기사스크랩하기 이 기사를 공유합니다
페이스북(으)로 기사보내기 트위터(으)로 기사보내기 카카오스토리(으)로 기사보내기 URL복사(으)로 기사보내기 닫기 매출액 18% 증가한 1조4679억원 사진/무신사 무신사의 지난해 매출과
영업이익이 모두 두자릿수 성장했다. 지난해 공격적으로 외형 확장에 나선 가운데 수익성 측면에서도 뚜렷한 성과를 냈다. 무신사는 31일 사업보고서를 통해 ",ok,approve,,,ai_judge:approve conf=1.00; The answer is fully supported by the context provided.,Không thêm thông tin ngoài context; không suy đoán nếu thiếu số liệu
SV2-D-0114,무신사,무신사_dataset_package_20260608T092823,simple,easy,,무신사의 2025년 연간 매출은 얼마인가요?,1조4679억 원입니다.,rec_657d4f1f59b5ecec,"사진/무신사
무신사의 지난해 매출과 영업이익이 모두 두자릿수 성장했다. 지난해 공격적으로 외형 확장에 나선 가운데 수익성 측면에서도 뚜렷한 성과를 냈다.
무신사는 31일 사업보고서를 통해 2025년 연간 및 4분기 실적을 공개했다고 밝혔다. 2025년 연간 연결재무제표 기준 무신사의 매출은 1조4679억 원으로 전년 대비 18.1% 증가했다. 지난 2022년부터 2025년까지 연평균 매출 성장률(CAGR)은 27.5%에 달한다. 영업이익은 1405억원으로 전년 대비 36.7% 늘었다. 특히 매출 성장률(18.1%)에 비해 영업이익 증가율(36.7%)이 2배를 상회했다.
특히 플랫폼 비즈니스 특성상 일정 수준의 고정비를 갖춘 이후 추가적인 지출 없이 높은 이익을 창출할 수 있는 ‘고정비 레버리지(operati",ok,approve,,,ai_judge:approve conf=1.00; The answer is fully supported by the context provided.,Không thêm thông tin ngoài context; không suy đoán nếu thiếu số liệu
SV2-D-0115-E115,무신사,무신사_dataset_package_20260608T092823,reasoning,medium,,무신사의 2025년 연간 매출이 1조4679억 원으로 증가한 이유는 무엇인가요?,전년 대비 18.1% 증가했습니다.,rec_1f7d2efb4a053392,"페이스북(으)로 기사보내기
트위터(으)로 기사보내기
카카오스토리(으)로 기사보내기
URL복사(으)로 기사보내기
이메일(으)로 기사보내기
다른 공유 찾기
기사스크랩하기
이 기사를 공유합니다 페이스북(으)로 기사보내기 트위터(으)로 기사보내기 카카오스토리(으)로 기사보내기 URL복사(으)로 기사보내기 닫기
이 기사를 공유합니다
이 기사를 공유합니다
페이스북(으)로 기사보내기 트위터(으)로 기사보내기 카카오스토리(으)로 기사보내기 URL복사(으)로 기사보내기
페이스북(으)로 기사보내기
트위터(으)로 기사보내기
카카오스토리(으)로 기사보내기
URL복사(으)로 기사보내기
닫기
매출액 18% 증가한 1조4679억원 사진/무신사 무신사의 지난해 매출과 영업이익이 모두 두자릿수 성장했다. 지난해 공격적으로 외형 확장에 나",ok,approve,,,"ai_judge:approve conf=1.00; The answer is directly supported by the context, which states that the revenue increased by 18%.",Không thêm thông tin ngoài context; không suy đoán nếu thiếu số liệu
SV2-D-0116-E116,무신사,무신사_dataset_package_20260608T092823,multi_context,medium,,"무신사의 지난해 영업이익은 얼마였으며, 이는 전년 대비 몇 퍼센트 증가했나요?","1405억원이며, 전년 대비 36.7% 증가했습니다.",rec_99748dd63968780f,"이전 기사보기 다음 기사보기 무신사, 지난해 영업이익 1405억원…전년比 36.7%↑ 바로가기 복사하기 본문 글씨 줄이기 본문 글씨 키우기 스크롤 이동 상태바
이전 기사보기
다음 기사보기
무신사, 지난해 영업이익 1405억원…전년比 36.7%↑ 바로가기 복사하기 본문 글씨 줄이기 본문 글씨 키우기
무신사, 지난해 영업이익 1405억원…전년比 36.7%↑
무신사, 지난해 영업이익 1405억원…전년比 36.7%↑
바로가기 복사하기 본문 글씨 줄이기 본문 글씨 키우기
바로가기 복사하기 본문 글씨 줄이기 본문 글씨 키우기
바로가기
복사하기
본문 글씨 줄이기
본문 글씨 키우기
스크롤 이동 상태바
스크롤 이동 상태바
스크롤 이동 상태바
SNS 기사보내기 페이스북(으)로 기사보내기 트위터(으)로 기사보내기 카카오스토리(",ok,approve,,,ai_judge:approve conf=1.00; The answer is fully supported by the context without any hallucination.,Không thêm thông tin ngoài context; không suy đoán nếu thiếu số liệu
SV2-D-0117,무신사,무신사_dataset_package_20260608T092823,simple,easy,,무신사의 지난해 매출은 얼마였나요?,1조2천427억원,rec_24980288275eaf1a,"ZDNet Korea 뉴스레터 구독신청 구독신청 닫기
구독신청 닫기
IPO 추진 무신사, 성장성·투명성 다 잡는다 ""오경석 팬코 대표 감사 역량 통해 투명성 제고"" 유통 입력 :2025/05/01 08:52    수정: 2025/05/01 09:27 백봉삼 기자 기자 페이지 구독 기자의 다른기사 보기 최근 여러 패션 플랫폼 기업들이 어려움을 겪는 가운데, 무신사는 지난해 사업보고서를 통해 두자릿 수 매출 성장 기록을 공개해 주목 받았 다. 나아가 기업공개(IPO)를 추진 중인 무신사는 기업의 투명성을 높여 더 건강한 성장을 이룬다는 계획이다. 무신사는 지난해 매출 1조2천427억원, 영업이익 1천28억원의 실적을 기록했다. 전년 대비 매출은 25.1% 증가했으며, 무신사 본사 별도 기준의 매출도 24.6% ",ok,approve,,,ai_judge:approve conf=1.00; The answer is fully supported by the context provided.,Không thêm thông tin ngoài context; không suy đoán nếu thiếu số liệu
SV2-D-0118,무신사,무신사_dataset_package_20260608T092823,simple,easy,,무신사가 언제 사업보고서를 제출했나요?,지난달 31일 창사 이래 처음으로 사업보고서를 전자공시시스템(DART)에 제출했습니다.,rec_d8fed8da46b91761,"세미나/콘퍼런스
웨비나
마이크로사이트
자료실
실시간뉴스
실시간뉴스
패션/뷰티 '조만호 리턴' 무신사, IPO 신호탄 쐈다…사업보고서 첫 공시 '눈길' 디지털데일리 발행일 2025-04-01 10:18:55 가 가 최규리 기자 [ⓒ무신사] [디지털데일리 최규리기자] 무신사가 본격적인 기업공개(IPO) 채비에 나섰다. 지난달 31일 창사 이래 처음으로 사업보고서를 전자공시시스템(DART)에 제출한 데 이어, 지난해 어닝 서프라이즈 수준의 실적 반등까지 이뤄내면서 IPO 가능성에 무게가 실리고 있다. 업계에서는 이 같은 행보를 두고 무신사가 본격 상장 준비에 돌입했다는 신호로 본다. 특히 비상장사인 무신사는 외부 감사보고서 제출만으로도 공시 의무를 충족할 수 있음에도, 자발적으로 사업보고서를 공시해 상장사 수준의",ok,approve,,,ai_judge:approve conf=1.00; The answer is fully supported by the context provided.,Không thêm thông tin ngoài context; không suy đoán nếu thiếu số liệu
